"","OBJECTID_1","OBJECTID","Op_Initial","OSE_File","POD_nbr","Ditch_Name","River_src","Field_ID","Photo_ID","Comments","Northing","Easting","Edit_Date","Photos","Weblink","Gauge_name","Basin","Number_","Suffix","Meter_type","Meter_stat","Percent_pr","Jurisdicti","Latitude","Longitude","lat_ddd","long_ddd","SW_or_GW","geometry"
"1",1,63,"jt","los indos",NA,"Acequia de los Indios","P","pojoaque","<Null>","Indios",3972566.34664,402515.035438,"10/7/09",NA,NA,"Acequia de los Indios",NA,NA,"flume","Radio","Complete",100,"OSE","35° 53' 33.076"" N","106° 4' 48.535"" W",35.8925211861,-106.080148525,"S",c(402515.0354, 3972566.3466)
"2",2,64,"jt","san ild4ef",NA,"San Ildefonso","P","poajaque","<Null>","San Ildefonso",3972907.83843,400594.88619,"10/7/09",NA,NA,"San Ildefonso",NA,NA,"flume","Radio","Complete",100,"OSE","35° 53' 43.463"" N","106° 6' 5.268"" W",35.8954063271,-106.101463226,"S",c(400594.8862, 3972907.8384)
"3",3,65,"jt","rincon flu",NA,"Acequia del Rincon","N","rio nambe","<Null>","Rincon",3972387.19833,411025.46172,"10/7/09",NA,NA,"Acequia del Rincon",NA,NA,"flume","Radio","Complete",100,"OSE","35° 53' 30.182"" N","105° 59' 9.041"" W",35.8917172172,-105.98584479,"S",c(411025.4617, 3972387.1983)
"4",4,66,"jt","jg ortiz",NA,"Jose G. Ortiz Ditch","N","rio nambe","<Null>","Jose G. Ortiz",3972119.54698,411764.368619,"10/7/09",NA,NA,"Jose G. Ortiz Ditch",NA,NA,"flume","Radio","Complete",100,"OSE","35° 53' 21.737"" N","105° 58' 39.465"" W",35.8893713155,-105.977629055,"S",c(411764.3686, 3972119.547)
"5",5,67,"jt","ortiz flum",NA,"Acequia de los Ortiz","N","rio nambe","<Null>","Ortiz",3972019.02898,412260.051534,"10/7/09",NA,NA,"Acequia de los Ortiz",NA,NA,"flume","Radio","Complete",100,"OSE","35° 53' 18.635"" N","105° 58' 19.656"" W",35.8885097401,-105.972126645,"S",c(412260.0515, 3972019.029)
"6",6,68,"jt","comunidad",NA,"Acequia de la Comunidad","N",NA,"<Null>","Comunidad",3971885.31171,412754.329144,"10/7/09",NA,NA,"Acequia de la Comunidad",NA,NA,"flume","Radio","Complete",100,"OSE","35° 53' 14.455"" N","105° 57' 59.891"" W",35.8873484998,-105.96663628,"S",c(412754.3291, 3971885.3117)
"7",7,69,"jt","la nueva",NA,"Acequia la Nueva","N","rio nambe","<Null>","Nueva",3973171.70631,412746.206793,"10/7/09",NA,NA,"Acequia la Nueva",NA,NA,"flume","Radio","Complete",100,"OSE","35° 53' 56.200"" N","105° 58' 0.722"" W",35.8989443885,-105.966867262,"S",c(412746.2068, 3973171.7063)
"8",8,70,"jt","el lllano",NA,"Acequia del Llano","N",NA,"<Null>","Llano",3972529.48599,412839.890956,"10/7/09",NA,NA,"Acequia del Llano",NA,NA,"flume","Radio","Complete",100,"OSE","35° 53' 35.388"" N","105° 57' 56.732"" W",35.8931632433,-105.965758943,"S",c(412839.891, 3972529.486)
"9",9,71,"jt","lower cons",NA,"Lower Consolidated","N",NA,"<Null>","Lower Consolidated",3972172.66881,413253.360727,"10/7/09",NA,NA,"Lower Consolidated",NA,NA,"flume","Radio","Complete",100,"OSE","35° 53' 23.940"" N","105° 57' 40.101"" W",35.8899833455,-105.961139279,"S",c(413253.3607, 3972172.6688)
"10",10,72,"jt","upper cons",NA,"Upper Consolidated","N",NA,"<Null>","Upper Consolidated",3970743.15667,413811.401005,"10/7/09",NA,NA,"Upper Consolidated",NA,NA,"flume","Radio","Complete",100,"OSE","35° 52' 37.725"" N","105° 57' 17.288"" W",35.8771458055,-105.954802349,"S",c(413811.401, 3970743.1567)
"11",11,73,"jt","highline",NA,"Nambe Pueblo Highline","N","nambe","<Null>","Highline",3968791.71357,415806.053782,"10/7/09",NA,NA,"Nambe Pueblo Highline",NA,NA,"flume","Radio","Complete",100,"OSE","35° 51' 35.018"" N","105° 55' 57.007"" W",35.8597272507,-105.93250198,"S",c(415806.0538, 3968791.7136)
"12",12,74,"jt","madre",NA,"Acequia Madre","T",NA,"<Null>","madre flume",3955885.60262,417188.715745,"10/7/09",NA,NA,"Acequia Madre",NA,NA,"flume","Radio","Complete",100,"OSE","35° 44' 36.584"" N","105° 54' 57.072"" W",35.7434954281,-105.915853298,"S",c(417188.7157, 3955885.6026)
"13",13,75,"jt","cajon gran",NA,"Acequia del Cajon Grande","T","tesuque","<Null>","<null>",3955546.07626,417967.785777,"10/7/09",NA,NA,"Acequia del Cajon Grande",NA,NA,"flume","Radio","Complete",100,"OSE","35° 44' 25.799"" N","105° 54' 25.932"" W",35.7404998095,-105.907203399,"S",c(417967.7858, 3955546.0763)
"14",14,76,"jt","del medio",NA,"Acequia del Medio","T",NA,"<Null>","<null>",3957589.2428,415835.569897,"10/7/09",NA,NA,"Acequia del Medio",NA,NA,"flume","Radio","Complete",100,"OSE","35° 45' 31.461"" N","105° 55' 51.584"" W",35.7587391099,-105.930995559,"S",c(415835.5699, 3957589.2428)
"15",15,77,"jt","los joyas",NA,"Acequia de Las Joyas","N",NA,"<Null>","Las Joyas",3972748.69858,409589.072504,"10/7/09",NA,NA,"Acequia de Las Joyas",NA,NA,"flume","Radio","Complete",100,"OSE","35° 53' 41.440"" N","106° 0' 6.476"" W",35.8948443579,-106.001798986,"S",c(409589.0725, 3972748.6986)
"16",16,78,"jt","ancon jaco",NA,"Acequia Ancon de Jacona","N","nambe","<Null>","Ancon de Jacona",3972662.19656,406239.54409,"10/7/09",NA,NA,"Acequia Ancon de Jacona",NA,NA,"flume","Radio","Complete",100,"OSE","35° 53' 37.497"" N","106° 2' 20.032"" W",35.8937492741,-106.038897893,"S",c(406239.5441, 3972662.1966)
"17",17,79,"jt","garduno",NA,"Acequia de los Gardunos","N","rio nambe","<Null>","Gardunos",3972044.19297,411925.763661,"10/7/09",NA,NA,"Acequia de los Gardunos",NA,NA,"flume","Radio","Complete",100,"OSE","35° 53' 19.344"" N","105° 58' 32.998"" W",35.8887065555,-105.975832735,"S",c(411925.7637, 3972044.193)
"18",18,80,"jt","truuillo",NA,"Acequia de Los Trujillos","N",NA,"<Null>","Trujillos",3972994.03744,409030.011122,"10/7/09",NA,NA,"Acequia de Los Trujillos",NA,NA,"flume","Radio","Complete",100,"OSE","35° 53' 49.215"" N","106° 0' 28.875"" W",35.8970041853,-106.008020852,"S",c(409030.0111, 3972994.0374)
"19",19,81,"jt","barranco",NA,"Acequia Barranco de Jacona","P","pojoaque","<Null>","Barranco de Jacona",3972043.78318,405187.584222,"10/7/09",NA,NA,"Acequia Barranco de Jacona",NA,NA,"flume","Radio","Complete",100,"OSE","35° 53' 17.063"" N","106° 3' 1.723"" W",35.8880731451,-106.050478571,"S",c(405187.5842, 3972043.7832)
"20",20,82,"jt","fbishops",NA,"Little Tesuque Creek at Bishops Lodge USGS 08305030","T","USGS","<Null>","USGS 08305030 - operated by BIA",3954504.91638,417575.144646,"10/7/09",NA,NA,"Bishops Lodge USGS 08305030",NA,NA,"flume","Radio","Complete",100,"USGS","35° 43' 51.891"" N","105° 54' 41.178"" W",35.7310807287,-105.911438195,"S",c(417575.1446, 3954504.9164)
"21",21,83,NA,NA,NA,"Tesuque Creek USGS 08302500","T",NA,"<Null>","<Null>",3955483.24968,418769.388641,"10/7/09",NA,NA,"Tesuque Creek USGS 08302500",NA,NA,"flume","Radio","Complete",100,"USGS","35° 44' 24.000"" N","105° 53' 53.999"" W",35.7399999298,-105.898333001,"S",c(418769.3886, 3955483.2497)
"22",22,84,NA,NA,NA,"Rio Nambe Below dam USGS 08294210","N","USGS","<Null>","Rio Nambe Below dam USGS 08294210",3967262.07882,417849.007635,"10/7/09",NA,NA,"Rio Nambe Below Dam",NA,NA,"flume","Satellite","Complete",100,"USGS","35° 50' 46.000"" N","105° 54' 34.992"" W",35.8461110307,-105.90972,"S",c(417849.0076, 3967262.0788)
"23",23,85,NA,NA,NA,"Rio Nambe Above Dam USGS 08294195","N","USGS","<Null>","Rio Nambe Above Dam USGS 08294195",3967681.26159,419232.560674,"10/7/09",NA,NA,"Rio Nambe Above Dam",NA,NA,"flume","Satellite","Complete",100,"USGS","35° 51' 0.018"" N","105° 53' 39.995"" W",35.8500049998,-105.894442998,"S",c(419232.5607, 3967681.2616)
"24",24,86,"jt","baran alto",NA,"Acequia Baranco Alto","N","nambe","<Null>","Acequia Baranco Alto",3972899.29187,407744.892985,"10/7/09",NA,NA,"Acequia Baranco Alto",NA,NA,"flume","Radio","Complete",100,"OSE","35° 53' 45.707"" N","106° 1' 20.093"" W",35.8960297256,-106.022247995,"S",c(407744.893, 3972899.2919)
"25",25,87,"jt","cano",NA,"Acequia del Cano","N","nambe","<Null>","Acequia del Cano",3972452.85758,410908.086824,"10/7/09",NA,NA,"Acequia del Cano",NA,NA,"flume","Radio","Complete",100,"OSE","35° 53' 32.274"" N","105° 59' 13.749"" W",35.8922984384,-105.987152488,"S",c(410908.0868, 3972452.8576)
"26",26,88,"it","larga",NA,"Acequia Larga","P","pojoaque","<Null>","Larga",3972553.12818,406463.269429,"10/7/09",NA,NA,"Acequia Larga",NA,NA,"flume","RadioTower","Complete",100,"OSE","35° 53' 34.035"" N","106° 2' 11.063"" W",35.89278748,-106.036406488,"S",c(406463.2694, 3972553.1282)
"27",27,89,"jt","otra vanda",NA,"Acequia de la Otra Vanda","P","pojoaque","<Null>","Otra Vanda",3972477.97716,404191.299677,"10/7/09",NA,NA,"Acequia de la Otra Vanda",NA,NA,"flume","Radio","Complete",100,"OSE","35° 53' 30.805"" N","106° 3' 41.643"" W",35.8918901683,-106.061567509,"S",c(404191.2997, 3972477.9772)
"28",28,90,"jt","el rancho",NA,"Acequia del Rancho","P","pojoaque","<Null>","Rancho",3972329.91177,403283.952383,"10/7/09",NA,NA,"Acequia del Rancho",NA,NA,"flume","Radio","Complete",100,"OSE","35° 53' 25.678"" N","106° 4' 17.765"" W",35.8904661535,-106.071601426,"S",c(403283.9524, 3972329.9118)
"29",29,101,"BW",NA,NA,"Acequia de Chamita","Ch",NA,NA,"Wish list - Upper Chama near the village of Chama",4071902.68329,357597.272765,"10/7/09",NA,NA,"Acequia de Chamita- northern Chama",NA,NA,NA,"Manual","Future_planning",0,"OSE","36° 46' 56.033"" N","106° 35' 45.104"" W",36.7822313531,-106.595862353,"S",c(357597.2728, 4071902.6833)
"30",30,102,"BW",NA,NA,NA,"Ch",NA,NA,"<Null>",4011169.27561,372684.072179,"10/7/09",NA,NA,"Rio Chama Below Abiquiu Dam USG 08287000","RG",NA,NA,"Other","Complete",100,"USGS","36° 14' 13.294"" N","106° 25' 0.575"" W",36.2370261739,-106.416826425,"S",c(372684.0722, 4011169.2756)
"31",31,103,"BW",NA,NA,"Abeyta Trujillo","Ch",NA,NA,"Fair Functional",4010717.12126,375170.001915,"10/7/09",NA,NA,"Abeyta Trujillo",NA,NA,NA,"Manual","Functional_needs_repair",100,"OSE","36° 13' 59.791"" N","106° 23' 20.750"" W",36.2332753194,-106.389097227,"S",c(375170.0019, 4010717.1213)
"32",32,104,"BW",NA,NA,"Winfield Morton","Ch",NA,NA,"metered pump",4008396.92839,378850.864619,"10/7/09",NA,NA,"Winfield Morton",NA,NA,NA,"Manual","Complete",0,"OSE","36° 12' 46.194"" N","106° 20' 52.038"" W",36.2128316752,-106.347788407,"S",c(378850.8646, 4008396.9284)
"33",33,105,"BW",NA,NA,"J.P. Gonzales","Ch",NA,NA,"Condition functional",4007748.49731,379127.730614,"10/7/09",NA,NA,"J.P.Gonzales",NA,NA,NA,"Manual","Functional_needs_repair",0,"OSE","36° 12' 25.279"" N","106° 20' 40.592"" W",36.207021923,-106.344609025,"S",c(379127.7306, 4007748.4973)
"34",34,106,"BW",NA,NA,"Gonzales","Ch",NA,NA,"defunct",4008396.76424,381314.204451,"10/7/09",NA,NA,"Gonzales",NA,NA,NA,NA,"Defunct_needs_replacement",0,"OSE","36° 12' 47.288"" N","106° 19' 13.405"" W",36.2131356705,-106.320390266,"S",c(381314.2045, 4008396.7642)
"35",35,107,"BW",NA,NA,"Quintana","Ch",NA,NA,"Condition functional",4008557.67006,385479.620889,"10/7/09",NA,NA,"Quintana",NA,NA,NA,"Manual","Functional_needs_repair",100,"OSE","36° 12' 54.318"" N","106° 16' 26.701"" W",36.2150882572,-106.274083659,"S",c(385479.6209, 4008557.6701)
"36",36,108,"BW",NA,NA,"La Puente","Ch",NA,NA,"Very poor, flume submerged",4008188.30516,386181.060242,"10/7/09",NA,NA,"La Puente",NA,NA,NA,"Manual","Functional_needs_repair",50,"OSE","36° 12' 42.631"" N","106° 15' 58.421"" W",36.2118418408,-106.266227947,"S",c(386181.0602, 4008188.3052)
"37",37,109,"BW",NA,NA,"Valentine Martinez","Ch",NA,NA,"Condition functional",4008535.37316,385921.688046,"10/7/09",NA,NA,"Valentine Martinez",NA,NA,NA,"Manual","Functional_needs_repair",0,"OSE","36° 12' 53.782"" N","106° 16' 8.988"" W",36.2149395427,-106.269163334,"S",c(385921.688, 4008535.3732)
"38",38,110,"BW",NA,NA,"Ferran","Ch",NA,NA,"Poor Condition but functional",4008664.15318,388007.419127,"10/7/09",NA,NA,"Ferran",NA,NA,NA,"Manual","Functional_needs_repair",0,"OSE","36° 12' 58.839"" N","106° 14' 45.536"" W",36.216344125,-106.245982204,"S",c(388007.4191, 4008664.1532)
"39",39,111,"BW",NA,NA,"Tierra Azul","Ch",NA,NA,"defunct, needs complete replacement",4006707.40922,388874.903943,"10/7/09",NA,NA,"Tierra Azul",NA,NA,NA,NA,"Defunct_needs_replacement",0,"OSE","36° 11' 55.705"" N","106° 14' 9.800"" W",36.198807052,-106.236055554,"S",c(388874.9039, 4006707.4092)
"40",40,112,"BW",NA,NA,"J.V. Martinez","Ch",NA,NA,"completely non functional, needs replacement",4006274.08778,389663.974675,"10/7/09",NA,NA,"Martinez",NA,NA,NA,NA,"Defunct_needs_replacement",0,"OSE","36° 11' 41.970"" N","106° 13' 37.990"" W",36.1949915877,-106.227219498,"S",c(389663.9747, 4006274.0878)
"41",41,113,"BW",NA,NA,"Manzanares y Montoya","Ch",NA,NA,"functional, not equipped with instrumentation",4005356.63124,391156.799674,"10/7/09",NA,NA,"Manzanares y Montoya",NA,NA,NA,"Manual","Complete",0,"OSE","36° 11' 12.808"" N","106° 12' 37.769"" W",36.1868910385,-106.210491523,"S",c(391156.7997, 4005356.6312)
"42",42,114,"BW",NA,NA,"Acequia del Rio de Chama","Ch",NA,NA,"Gauge is not accurate-needs replacement",4005514.2737,391676.352477,"10/7/09",NA,NA,"Acequia del Rio de Chama",NA,NA,NA,"Manual","Functional_needs_repair",0,"OSE","36° 11' 18.133"" N","106° 12' 17.051"" W",36.1883702598,-106.204736274,"S",c(391676.3525, 4005514.2737)
"43",43,115,"BW",NA,NA,"Martinez y Duranes","Ch",NA,NA,"poor condition, geometry compromised, needs complete replacement",4004708.59907,392071.308817,"10/7/09",NA,NA,"Martinez y Duranes",NA,NA,NA,"Manual","Functional_needs_repair",0,"OSE","36° 10' 52.148"" N","106° 12' 0.842"" W",36.1811522886,-106.20023377,"S",c(392071.3088, 4004708.5991)
"44",44,116,"BW",NA,NA,"Acequia Chili","Ch",NA,NA,"needs replacement - still adequate functionality",3997487.21442,396073.621314,"10/7/09",NA,NA,"Acequia Chili",NA,NA,NA,"Manual","Functional_needs_repair",0,"OSE","36° 6' 59.391"" N","106° 9' 17.205"" W",36.1164975072,-106.154779171,"S",c(396073.6213, 3997487.2144)
"45",45,117,"BW",NA,NA,"Hernandez Gauge","Ch",NA,NA,"Operating with H-510 on battery",3992122.37875,399081.193719,"10/7/09",NA,NA,"Hernandez Gauge",NA,NA,NA,"Manual","Complete",0,"OSE","36° 4' 6.441"" N","106° 7' 14.446"" W",36.0684559281,-106.120679503,"S",c(399081.1937, 3992122.3787)
"46",46,118,"BW",NA,NA,"Acequia de Chamita","Ch",NA,NA,"Condition fair, not equipped for real time data collection",3993335.57862,399881.368626,"10/7/09",NA,NA,"Acequia de Chamita",NA,NA,NA,"Manual","Functional_needs_repair",0,"OSE","36° 4' 46.109"" N","106° 6' 43.017"" W",36.0794746126,-106.111949209,"S",c(399881.3686, 3993335.5786)
"47",47,119,"BW","<Null>",NA,"Rio Chama nr Chamita","Ch","USGS",NA,"USGS River Gauge",3992677.56693,399911.061544,"10/7/09",NA,NA,"USGS Rio Chama near Chamita",NA,NA,NA,NA,NA,100,"USGS","36° 4' 24.767"" N","106° 6' 41.530"" W",36.0735462704,-106.111536003,"S",c(399911.0615, 3992677.5669)
"48",48,120,"BW",NA,NA,"Acequia Salazar","Ch",NA,NA,"New Gauge was installed in 2008",3991381.10986,400128.022473,"10/7/09",NA,NA,"Acequia Salazar",NA,NA,NA,"RadioTower","Complete",100,"OSE","36° 3' 42.776"" N","106° 6' 32.266"" W",36.0618821331,-106.108962896,"S",c(400128.0225, 3991381.1099)
"49",49,132,"zz",NA,NA,"12","San Juan",NA,NA,"matches SJ Water Master shapefile",4077956.22144,228151.858053,"10/7/09",NA,NA,"Halford-Independent","SJ",NA,NA,"Satellite","Construction complete, 100% operable",100,"OSE","36° 48' 30.393"" N","108° 2' 50.129"" W",36.8084425974,-108.047258111,"S",c(228151.8581, 4077956.2214)
"50",50,133,"zz",NA,NA,"10","San Juan",NA,NA,"matches SJ Water Master shapefile",4080166.87082,232623.266515,"10/7/09",NA,NA,"Eledge","SJ",NA,NA,"Satellite","Construction complete, 100% operable",100,"OSE","36° 49' 46.621"" N","107° 59' 52.713"" W",36.8296169244,-107.997975843,"S",c(232623.2665, 4080166.8708)
"51",51,134,"zz",NA,NA,"1","San Juan",NA,NA,"matches SJ Water Master shapefile",4098659.6965,244689.509235,"10/7/09",NA,NA,"Twin Rocks","SJ",NA,NA,"Satellite","Construction complete, 100% operable",100,"OSE","36° 59' 58.006"" N","107° 52' 8.668"" W",36.9994459853,-107.869074497,"S",c(244689.5092, 4098659.6965)
"52",52,173,"jt","SD-02489",NA,"Gallinas Canal WSIC","Gallinas","Rio de Las Gallinas",NA,"Gallinas (add to picklist for Basin)",3944484.97795,477341.624747,"10/7/09",NA,NA,"Gallinas Canal",NA,NA,NA,"Radio","Completed construction and operable",100,"OSE","35° 38' 38.144"" N","105° 15' 1.018"" W",35.6439289167,-105.250282714,"S",c(477341.6247, 3944484.9779)
"53",53,174,"jt","SP-341",NA,"Storrie Project","Gallinas","Rio de Las Gallinas",NA,"Gallinas (add to picklist for Basin)",3944595.3928,477169.413534,"10/7/09",NA,NA,"Storrie",NA,NA,NA,"Radio","Completed construction and operable",100,"OSE","35° 38' 41.714"" N","105° 15' 7.877"" W",35.6449204926,-105.252188058,"S",c(477169.4135, 3944595.3928)
"54",54,175,"jt","SD-048",NA,"Acequia Madre de Los Vigiles","Gallinas","Rio de Las Gallinas",NA,"Gallinas (add to picklist for Basin)",3944947.33333,476331.953767,"10/7/09",NA,NA,"Los Vigiles",NA,NA,NA,"Radio","Completed construction and operable",100,"OSE","35° 38' 53.066"" N","105° 15' 41.216"" W",35.6480739991,-105.261448943,"S",c(476331.9538, 3944947.3333)
"55",55,176,"jy","SD-07",NA,"Grzelachowski Ditch","Gallinas","Rio de Las Gallinas",NA,"Gallinas (add to picklist for Basin)",3944366.67991,476526.872263,"10/7/09",NA,NA,"Grzelachowski",NA,NA,NA,"Radio","Completed construction and operable",100,"OSE","35° 38' 34.236"" N","105° 15' 33.404"" W",35.6428432592,-105.259278881,"S",c(476526.8723, 3944366.6799)
"56",56,177,"jt","SD-05",NA,"Acequia Madre de Los Romeros","Gallinas","Rio de Las Gallinas",NA,"Gallinas (add to picklist for Basin)",3942035.52466,477862.047151,"10/7/09",NA,NA,"Los Romeros",NA,NA,NA,"Radio","Completed construction and operable",100,"OSE","35° 37' 18.680"" N","105° 14' 40.081"" W",35.6218554402,-105.244466958,"S",c(477862.0472, 3942035.5247)
"57",57,178,"jt","SD-06391",NA,"Nuestra Senora de Dolores de Las Vegas","Gallinas","Rio de Las Gallinas",NA,"Gallinas (add to picklist for Basin)",3941211.018,477873.876484,"10/7/09",NA,NA,"Dolores de Las Vegas",NA,NA,NA,"Radio","Completed construction and operable",100,"OSE","35° 36' 51.918"" N","105° 14' 39.529"" W",35.6144215937,-105.244313719,"S",c(477873.8765, 3941211.018)
"58",58,179,"jt","SD-02824",NA,"Acequia Madre de Las Vegas","Gallinas","Rio de Las Gallinas",NA,"Gallinas (add to picklist for Basin)",3939424.70016,479516.929394,"10/7/09",NA,NA,"Madre de Las Vegas",NA,NA,NA,"Radio","Completed construction and operable",100,"OSE","35° 35' 54.063"" N","105° 13' 34.054"" W",35.5983507411,-105.226126156,"S",c(479516.9294, 3939424.7002)
"59",59,180,"j6","SD-0124",NA,"Round House Ditch","Gallinas","Rio de Las Gallinas",NA,"Gallinas (add to picklist for Basin)",3937962.99663,480456.35277,"10/7/09",NA,NA,"Round House",NA,NA,NA,"Radio","Completed construction and operable",100,"OSE","35° 35' 6.685"" N","105° 12' 56.592"" W",35.5851903136,-105.215719948,"S",c(480456.3528, 3937962.9966)
"60",60,135,"zz",NA,NA,"2","San Juan",NA,NA,"matches SJ Water Master shapefile",4096825.63506,244764.22075,"10/7/09",NA,NA,"Ralston","SJ",NA,NA,"Satellite","Construction complete, 100% operable",100,"OSE","36° 58' 58.634"" N","107° 52' 3.415"" W",36.982953991,-107.867615393,"S",c(244764.2208, 4096825.6351)
"61",61,136,"zz",NA,NA,"3","San Juan",NA,NA,"matches SJ Water Master shapefile",4092827.47464,243427.076611,"10/7/09",NA,NA,"Cedar","SJ",NA,NA,"Satellite","Construction complete, 100% operable",100,"OSE","36° 56' 47.741"" N","107° 52' 52.548"" W",36.9465946339,-107.881263254,"S",c(243427.0766, 4092827.4746)
"62",62,137,"zz",NA,NA,"4","San Juan",NA,NA,"matches SJ Water Master shapefile",4091754.21191,243699.586659,"10/7/09",NA,NA,"Graves-Atterbury","SJ",NA,NA,"Satellite","Construction complete, 100% operable",100,"OSE","36° 56' 13.222"" N","107° 52' 40.234"" W",36.9370061062,-107.87784281,"S",c(243699.5867, 4091754.2119)
"63",63,138,"zz",NA,NA,"5","San Juan",NA,NA,"matches SJ Water Master shapefile",4091563.46109,241404.631917,"10/7/09",NA,NA,"Stacey","SJ",NA,NA,"Satellite","Construction complete, 100% operable",100,"OSE","36° 56' 4.783"" N","107° 54' 12.659"" W",36.934661828,-107.903516319,"S",c(241404.6319, 4091563.4611)
"64",64,139,"zz",NA,NA,"6","San Juan",NA,NA,"matches SJ Water Master shapefile",4088856.32803,240404.799837,"10/7/09",NA,NA,"Aztec","SJ",NA,NA,"Satellite","Construction complete, 100% operable",100,"OSE","36° 54' 36.054"" N","107° 54' 49.683"" W",36.9100150235,-107.913800967,"S",c(240404.7998, 4088856.328)
"65",65,140,"zz",NA,NA,"8","San Juan",NA,NA,"matches SJ Water Master shapefile",4084444.26157,235670.148043,"10/7/09",NA,NA,"Lower Animas","SJ",NA,NA,"Satellite","Construction complete, 100% operable",100,"OSE","36° 52' 8.330"" N","107° 57' 55.233"" W",36.868980617,-107.965342434,"S",c(235670.148, 4084444.2616)
"66",66,141,"zz",NA,NA,"7","San Juan",NA,NA,"matches SJ Water Master shapefile",4085491.06179,235967.289616,"10/7/09",NA,NA,"Sargent","SJ",NA,NA,"Satellite","Construction complete, 100% operable",100,"OSE","36° 52' 42.555"" N","107° 57' 44.558"" W",36.8784875757,-107.962377268,"S",c(235967.2896, 4085491.0618)
"67",67,142,"zz",NA,NA,"9","San Juan",NA,NA,"matches SJ Water Master shapefile",4084356.96203,235163.043825,"10/7/09",NA,NA,"Farmers Irrigation","SJ",NA,NA,"Satellite","Construction complete, 100% operable",100,"OSE","36° 52' 4.990"" N","107° 58' 15.578"" W",36.8680526806,-107.970993901,"S",c(235163.0438, 4084356.962)
"68",68,143,"zz",NA,NA,"11","San Juan",NA,NA,"matches SJ Water Master shapefile",4078463.61749,230852.557948,"10/7/09",NA,NA,"Kello-Blancett","SJ",NA,NA,"Satellite","Construction complete, 100% operable",100,"OSE","36° 48' 49.615"" N","108° 1' 1.929"" W",36.8137818629,-108.017202548,"S",c(230852.5579, 4078463.6175)
"69",69,144,"yy",NA,NA,"1","San Juan",NA,NA,"The Distance field is the distance (m) from Object_ID 65123.",4074689.1724,257309.265661,"10/7/09",NA,NA,"Citizens","SJ",NA,NA,"Satellite","Construction complete, 100% operable",100,"OSE","36° 47' 13.015"" N","107° 43' 11.043"" W",36.7869486777,-107.719734086,"S",c(257309.2657, 4074689.1724)
"70",70,145,"yy",NA,NA,"2","San Juan",NA,NA,"The Distance field is the distance (m) from GNIS_Name San Juan River.",4071869.05393,255043.445773,"10/7/09",NA,NA,"Turley","SJ",NA,NA,"Satellite","Construction complete, 100% operable",100,"OSE","36° 45' 39.500"" N","107° 44' 39.098"" W",36.7609720834,-107.744193942,"S",c(255043.4458, 4071869.0539)
"71",71,146,"yy",NA,NA,"3","San Juan",NA,NA,"The Distance field is the distance (m) from Object_ID 65867.",4070027.98774,248932.413674,"10/7/09",NA,NA,"Hammond","SJ",NA,NA,"Satellite","Construction complete, 100% operable",100,"OSE","36° 44' 34.070"" N","107° 48' 43.110"" W",36.7427971395,-107.811975075,"S",c(248932.4137, 4070027.9877)
"72",72,147,"zz",NA,NA,"13","San Juan",NA,NA,"matches SJ Water Master shapefile",4075612.12985,224582.732255,"10/7/09",NA,NA,"Ranchmans","SJ",NA,NA,"Satellite","Construction complete, 100% operable",100,"OSE","36° 47' 10.718"" N","108° 5' 10.918"" W",36.7863104969,-108.086366037,"S",c(224582.7323, 4075612.1299)
"73",73,148,"zz",NA,NA,"14","San Juan",NA,NA,"matches SJ Water Master shapefile",4071252.71394,218277.594483,"10/7/09",NA,NA,"Farmington Echo","SJ",NA,NA,"Satellite","Construction complete, 100% operable",100,"OSE","36° 44' 42.783"" N","108° 9' 19.139"" W",36.7452175642,-108.155316457,"S",c(218277.5945, 4071252.7139)
"74",74,149,"zz",NA,NA,"16","San Juan",NA,NA,"matches SJ Water Master shapefile",4069985.71532,216528.144943,"10/7/09",NA,NA,"Willet","SJ",NA,NA,"Satellite","Construction complete, 100% operable",100,"OSE","36° 43' 59.853"" N","108° 10' 27.887"" W",36.7332924259,-108.174413133,"S",c(216528.1449, 4069985.7153)
"75",75,150,"zz",NA,NA,"15","San Juan",NA,NA,"matches SJ Water Master shapefile",4070775.75744,217003.832046,"10/7/09",NA,NA,"North Farmington/Wright-Leggett","SJ",NA,NA,"Satellite","Construction complete, 100% operable",100,"OSE","36° 44' 25.964"" N","108° 10' 9.790"" W",36.7405455051,-108.169386247,"S",c(217003.832, 4070775.7574)
"76",76,151,"zz",NA,NA,"17","San Juan",NA,NA,"The Distance field is the distance (m) from Object_ID 75041.",4069970.42759,205937.027203,"10/7/09",NA,NA,"Farmers Mutual","SJ",NA,NA,"Satellite","Construction complete, 100% operable",100,"OSE","36° 43' 47.762"" N","108° 17' 34.209"" W",36.7299338475,-108.292835698,"S",c(205937.0272, 4069970.4276)
"77",77,152,"yy",NA,NA,"4","San Juan",NA,NA,"The Distance field is the distance (m) from GNIS_Name San Juan River.",4071931.54956,192393.452849,"10/7/09",NA,NA,"Jewett-Valley","SJ",NA,NA,"Satellite","Construction complete, 100% operable",100,"OSE","36° 44' 35.847"" N","108° 26' 42.141"" W",36.7432908375,-108.445039191,"S",c(192393.4528, 4071931.5496)
"78",78,153,"x",NA,NA,"1","San Juan",NA,NA,"matches SJ Water Master shapefile",4097880.4176,216072.715768,"10/7/09",NA,NA,"Hillside","SJ",NA,NA,"Satellite","Construction complete, 100% operable",100,"OSE","36° 59' 3.220"" N","108° 11' 23.764"" W",36.984227747,-108.18993434,"S",c(216072.7158, 4097880.4176)
"79",79,154,"x",NA,NA,"2","San Juan",NA,NA,"matches SJ Water Master shapefile",4096556.301,215940.897442,"10/7/09",NA,NA,"Greenhorn","SJ",NA,NA,"Satellite","Construction complete, 100% operable",100,"OSE","36° 58' 20.173"" N","108° 11' 27.294"" W",36.9722703182,-108.190915065,"S",c(215940.8974, 4096556.301)
"80",80,155,"x",NA,NA,"4","San Juan",NA,NA,"matches SJ Water Master shapefile",4095664.03933,215938.689904,"10/7/09",NA,NA,"La Plata Indian","SJ",NA,NA,"Satellite","Construction complete, 100% operable",100,"OSE","36° 57' 51.260"" N","108° 11' 26.175"" W",36.9642388821,-108.190604297,"S",c(215938.6899, 4095664.0393)
"81",81,156,"x",NA,NA,"3","San Juan",NA,NA,"matches SJ Water Master shapefile",4095786.42384,215817.887794,"10/7/09",NA,NA,"Highland Park","SJ",NA,NA,"Satellite","Construction complete, 100% operable",100,"OSE","36° 57' 55.094"" N","108° 11' 31.219"" W",36.9653039456,-108.192005277,"S",c(215817.8878, 4095786.4238)
"82",82,157,"x",NA,NA,"5","San Juan",NA,NA,"matches SJ Water Master shapefile",4094069.82349,216287.203807,"10/7/09",NA,NA,"Cunningham","SJ",NA,NA,"Satellite","Construction complete, 100% operable",100,"OSE","36° 56' 59.983"" N","108° 11' 9.949"" W",36.9499951919,-108.18609683,"S",c(216287.2038, 4094069.8235)
"83",83,158,"x",NA,NA,"6","San Juan",NA,NA,"matches SJ Water Master shapefile",4093048.29876,216019.233274,"10/7/09",NA,NA,"Larkin Reynolds","SJ",NA,NA,"Satellite","Construction complete, 100% operable",100,"OSE","36° 56' 26.593"" N","108° 11' 19.386"" W",36.9407201987,-108.188718307,"S",c(216019.2333, 4093048.2988)
"84",84,159,"x",NA,NA,"7","San Juan",NA,NA,"matches SJ Water Master shapefile",4091761.45878,216237.061156,"10/7/09",NA,NA,"McDermott","SJ",NA,NA,"Satellite","Construction complete, 100% operable",100,"OSE","36° 55' 45.133"" N","108° 11' 8.856"" W",36.9292035408,-108.185793226,"S",c(216237.0612, 4091761.4588)
"85",85,160,"x",NA,NA,"8","San Juan",NA,NA,"matches SJ Water Master shapefile",4091142.4029,216684.055853,"10/7/09",NA,NA,"Left Hand","SJ",NA,NA,"Satellite","Construction complete, 100% operable",100,"OSE","36° 55' 25.558"" N","108° 10' 49.981"" W",36.923766096,-108.180550168,"S",c(216684.0559, 4091142.4029)
"86",86,161,"x",NA,NA,"9","San Juan",NA,NA,"matches SJ Water Master shapefile",4089613.73483,216732.313095,"10/7/09",NA,NA,"Helton","SJ",NA,NA,"Satellite","Construction complete, 100% operable",100,"OSE","36° 54' 36.078"" N","108° 10' 45.975"" W",36.9100216039,-108.179437389,"S",c(216732.3131, 4089613.7348)
"87",87,162,"x",NA,NA,"10","San Juan",NA,NA,"matches SJ Water Master shapefile",4083632.46914,212656.638199,"10/7/09",NA,NA,"Jackson","SJ",NA,NA,"Satellite","Construction complete, 100% operable",100,"OSE","36° 51' 17.841"" N","108° 13' 22.269"" W",36.8549558452,-108.222852443,"S",c(212656.6382, 4083632.4691)
"88",88,163,NA,NA,NA,"Grijalva Flume","M",NA,NA,"The Distance field is the distance (m) from GNIS_Name Mimbres River.",3643400.41699,219995.699865,"10/7/09",NA,NA,"Grijalva Flume","SP",NA,NA,"Satellite","Construction complete, 100% operable",100,"OSE","32° 53' 34.839"" N","107° 59' 35.613"" W",32.8930108611,-107.993225774,"S",c(219995.6999, 3643400.417)
"89",89,164,NA,NA,NA,"Montoya Flume","M",NA,NA,"The Distance field is the distance (m) from GNIS_Name Mimbres River.",3642635.46796,220296.384266,"10/7/09",NA,NA,"Montoya Flume","SP",NA,NA,"Satellite","Construction complete, 100% operable",100,"OSE","32° 53' 10.309"" N","107° 59' 23.221"" W",32.8861969097,-107.989783621,"S",c(220296.3843, 3642635.468)
"90",90,165,NA,NA,NA,"Kenly No. 1 Flume","M",NA,NA,"The Distance field is the distance (m) from GNIS_Name Mimbres River.",3641514.68786,220730.641491,"10/7/09",NA,NA,"Kenly No. 1 Flume","SP",NA,NA,"Satellite","Construction complete, 100% operable",100,"OSE","32° 52' 34.361"" N","107° 59' 5.311"" W",32.8762114718,-107.984808516,"S",c(220730.6415, 3641514.6879)
"91",91,166,NA,NA,NA,"Kenly No. 2 Flume","M",NA,NA,"The Distance field is the distance (m) from Flowline ObjectID 15944.",3640287.74088,220768.153165,"10/7/09",NA,NA,"Kenly No. 2 Flume","SP",NA,NA,"Satellite","Construction complete, 100% operable",100,"OSE","32° 51' 54.606"" N","107° 59' 2.535"" W",32.8651683395,-107.984037483,"S",c(220768.1532, 3640287.7409)
"92",92,167,NA,NA,NA,"Heuchling No. 1 Flume","M",NA,NA,"The Distance field is the distance (m) from GNIS_Name Mimbres River.",3638872.56009,221749.406505,"10/7/09",NA,NA,"Heuchling No. 1 Flume","SP",NA,NA,"Satellite","Construction complete, 100% operable",100,"OSE","32° 51' 9.610"" N","107° 58' 23.296"" W",32.8526694446,-107.973137779,"S",c(221749.4065, 3638872.5601)
"93",93,168,NA,NA,NA,"Heuchling No. 2 Flume","M",NA,NA,"The Distance field is the distance (m) from GNIS_Name Mimbres River.",3638397.21365,221939.726651,"10/7/09",NA,NA,"Heuchling No. 2 Flume","SP",NA,NA,"Satellite","Construction complete, 100% operable",100,"OSE","32° 50' 54.368"" N","107° 58' 15.469"" W",32.8484356099,-107.970963726,"S",c(221939.7267, 3638397.2137)
"94",94,169,NA,NA,NA,"Heuchling No. 3 Flume","M",NA,NA,"The Distance field is the distance (m) from GNIS_Name Mimbres River.",3638239.18464,222387.821292,"10/7/09",NA,NA,"Heuchling No. 3 Flume","SP",NA,NA,"Satellite","Construction complete, 100% operable",100,"OSE","32° 50' 49.652"" N","107° 57' 58.083"" W",32.8471255562,-107.966134167,"S",c(222387.8213, 3638239.1846)
"95",95,170,NA,NA,NA,"Heuchling No. 4 Flume","M",NA,NA,"The Distance field is the distance (m) from GNIS_Name Mimbres River.",3638248.8335,222317.87993,"10/7/09",NA,NA,"Heuchling No. 4 Flume","SP",NA,NA,"Satellite","Construction complete, 100% operable",100,"OSE","32° 50' 49.901"" N","107° 58' 0.781"" W",32.8471947676,-107.96688348,"S",c(222317.8799, 3638248.8335)
"96",96,171,NA,NA,NA,"SLCD East Meter","M",NA,NA,"The Distance field is the distance (m) from Flowline ObjectID 14272.",3636987.31548,223846.665384,"10/7/09",NA,NA,"SLCD East Meter","SP",NA,NA,"Manual_download","Planned_fyr",100,"OSE","32° 50' 10.379"" N","107° 57' 0.690"" W",32.83621634,-107.95019173,"S",c(223846.6654, 3636987.3155)
"97",97,172,NA,NA,NA,"SLCD West Meter","M",NA,NA,"The Distance field is the distance (m) from GNIS_Name Mimbres River.",3636884.83588,223851.347283,"10/7/09",NA,NA,"SLCD West Meter","SP",NA,NA,"Manual_download","Planned_fyr",100,"OSE","32° 50' 7.060"" N","107° 57' 0.400"" W",32.8352943188,-107.950111212,"S",c(223851.3473, 3636884.8359)
"98",98,227,"JM","RG 55022 -X","55022","NPT GW Monitoring - Radio (soon)",NA,NA,NA,"DOM",3971630.67584,403889.043758,"10/7/09",NA,NA,"55022-X","RG",NA,"-X","RadioTower","Completed construction and operable",100,"OSE","35° 53' 3.201"" N","106° 3' 53.329"" W",35.8842224813,-106.064813735,"G",c(403889.0438, 3971630.6758)
"99",99,228,"JM","RG 18984","18984","RG-18984","T",NA,NA,"DOL",3970261.99338,408664.528241,"10/7/09",NA,NA,"RG-18984","RG","18984",NA,"Check Meter Manually","Completed construction and operable",100,"OSE","35° 52' 20.430"" N","106° 0' 42.324"" W",35.8723415485,-106.011756796,"G",c(408664.5282, 3970261.9934)
"100",100,229,"JM","RG 09936","09936","NPT GW Monitoring",NA,NA,NA,"DOL",3972316.56182,402256.488715,"10/7/09",NA,NA,"5.51","RG",NA,NA,"Check Meter Manually","Completed construction and operable",100,"OSE","35° 53' 24.877"" N","106° 4' 58.736"" W",35.890243706,-106.082982137,"G",c(402256.4887, 3972316.5618)
"101",101,230,"JM","RG 37812","37812","NPT GW Monitoring",NA,NA,NA,"DOL",3972853.90436,409525.7414,"10/7/09",NA,NA,"RG-37812","RG",NA,NA,"Check Meter Manually","Completed construction and operable",100,"OSE","35° 53' 44.833"" N","106° 0' 9.045"" W",35.8957869031,-106.002512588,"G",c(409525.7414, 3972853.9044)
"102",102,231,"JM","RG 25420","25420","NPT GW Monitoring",NA,NA,NA,"DOL",3975995.59324,411302.829294,"10/7/09",NA,NA,"RG-25420","RG",NA,NA,"Check Meter Manually","Completed construction and operable",100,"OSE","35° 55' 27.376"" N","105° 58' 59.427"" W",35.9242711879,-105.983174296,"G",c(411302.8293, 3975995.5932)
"103",103,232,"JM","RG 26561","26561","RG 26561","T",NA,NA,"DOL",3967836.44293,410233.395926,"10/7/09",NA,NA,"RG 26561","RG",NA,NA,"Check Meter Manually","Completed construction and operable",100,"OSE","35° 51' 2.235"" N","105° 59' 38.786"" W",35.850620821,-105.994107142,"G",c(410233.3959, 3967836.4429)
"104",104,233,"JM","RG 09513","09513","NPT GW Monitoring",NA,NA,NA,"DOL",3973501.17549,401264.029413,"10/7/09",NA,NA,"4.41","RG",NA,NA,"Check Meter Manually","Completed construction and operable",100,"OSE","35° 54' 2.962"" N","106° 5' 38.845"" W",35.9008227011,-106.094123581,"G",c(401264.0294, 3973501.1755)
"105",105,234,"JM","RG 01111","01111","RG 01111","T",NA,NA,"DOL",3969658.86714,409411.122691,"10/7/09",NA,NA,"RG 01111","RG",NA,NA,"Check Meter Manually","Completed construction and operable",100,"OSE","35° 52' 1.106"" N","106° 0' 12.309"" W",35.8669738793,-106.00341908,"G",c(409411.1227, 3969658.8671)
"106",106,235,"JM","RG 03317 CLW","03317","RG 03317 CLW","T",NA,NA,"DOL",3968957.22392,408965.046723,"10/7/09",NA,NA,"RG 03317 CLW","RG",NA,"CLW","Check Meter Manually","Completed construction and operable",100,"OSE","35° 51' 38.187"" N","106° 0' 29.805"" W",35.860607374,-106.008279288,"G",c(408965.0467, 3968957.2239)
"107",107,236,"JM","RG 00374","00374","NPT GW Monitoring",NA,NA,NA,"DOL",3972365.18414,406342.15578,"10/7/09",NA,NA,"19.8","RG",NA,NA,"Check Meter Manually","Completed construction and operable",100,"OSE","35° 53' 27.894"" N","106° 2' 15.814"" W",35.8910816481,-106.037726144,"G",c(406342.1558, 3972365.1841)
"108",108,237,"JM","RG 00692","00692","NPT GW Monitoring",NA,NA,NA,"DOL",3972566.00774,401397.542518,"10/7/09",NA,NA,"4.60, 4.77 & 4.77B","RG",NA,NA,"Check Meter Manually","Completed construction and operable",100,"OSE","35° 53' 32.662"" N","106° 5' 33.102"" W",35.8924061422,-106.092528469,"G",c(401397.5425, 3972566.0077)
"109",109,238,"JM","RG 27802","27802","RG 27802","T",NA,NA,"DOL",3969071.6873,408920.068134,"10/7/09",NA,NA,"RG-27802","RG",NA,NA,"Check Meter Manually","Completed construction and operable",100,"OSE","35° 51' 41.886"" N","106° 0' 31.646"" W",35.8616350515,-106.008790465,"G",c(408920.0681, 3969071.6873)
"110",110,239,"JM","RG 28166","28166","RG 28166","T",NA,NA,"DOL",3967337.72671,411036.412039,"10/7/09",NA,NA,"RG 28166","RG",NA,NA,"Check Meter Manually","Completed construction and operable",100,"OSE","35° 50' 46.314"" N","105° 59' 6.575"" W",35.8461982157,-105.98515983,"G",c(411036.412, 3967337.7267)
"111",111,240,"JM","RG 90588","90588","NPT GW Monitoring",NA,NA,NA,"DOL",3972356.10923,411233.149165,"10/7/09",NA,NA,"10.106","RG",NA,NA,"Check Meter Manually","Completed construction and operable",100,"OSE","35° 53' 29.241"" N","105° 59' 0.746"" W",35.8914558216,-105.983540435,"G",c(411233.1492, 3972356.1092)
"112",112,241,"JM","RG 11784","11784","RG 11784","T",NA,NA,"DOL",3968154.02571,408742.570479,"10/7/09",NA,NA,"RG-11784","RG",NA,NA,"Check Meter Manually","Completed construction and operable",100,"OSE","35° 51' 12.046"" N","106° 0' 38.344"" W",35.8533460379,-106.010651119,"G",c(408742.5705, 3968154.0257)
"113",113,242,"JM","RG 40064","40064","RG 40064","T",NA,NA,"DOM",3956548.71365,416167.84851,"10/7/09",NA,NA,"RG 40064","RG",NA,NA,"Check Meter Manually","Completed construction and operable",100,"OSE","35° 44' 57.793"" N","105° 55' 37.962"" W",35.7493869947,-105.927211617,"G",c(416167.8485, 3956548.7137)
"114",114,243,"JM","RG 41995","41995","NPT GW Monitoring - Radio (soon)",NA,NA,NA,"DOM",3973632.38221,408305.04019,"10/7/09",NA,NA,"41995","RG",NA,NA,"RadioTower","Completed construction and operable",80,"OSE","35° 54' 9.687"" N","106° 0' 58.056"" W",35.9026909636,-106.01612654,"G",c(408305.0402, 3973632.3822)
"115",115,244,"JM","RG 67916","67916","NPT GW Monitoring",NA,NA,NA,"DOM",3973483.48547,409018.04323,"10/7/09",NA,NA,"67916","RG",NA,NA,"Check Meter Manually","Completed construction and operable",100,"OSE","35° 54' 5.095"" N","106° 0' 29.554"" W",35.9014152975,-106.008209405,"G",c(409018.0432, 3973483.4855)
"116",116,245,"JM","RG 25001","25001","NPT GW Monitoring",NA,NA,NA,"DOL",3972188.40428,411413.870168,"10/7/09",NA,NA,"RG-25001","RG",NA,NA,"Check Meter Manually","Completed construction and operable",100,"OSE","35° 53' 23.857"" N","105° 58' 53.471"" W",35.8899603783,-105.981519643,"G",c(411413.8702, 3972188.4043)
"117",117,246,"JM","RG 25507","25507","RG 25507","T",NA,NA,"DOL",3957538.88658,415639.057231,"10/7/09",NA,NA,"RG-25507","RG",NA,NA,"Check Meter Manually","Completed construction and operable",100,"OSE","35° 45' 29.766"" N","105° 55' 59.389"" W",35.7582683,-105.93316375,"G",c(415639.0572, 3957538.8866)
"118",118,247,"JM","RG 37827","37827","RG 37827","T",NA,NA,"DOL",3969191.49596,409063.739622,"10/7/09",NA,NA,"RG-37827","RG",NA,NA,"Check Meter Manually","Completed construction and operable",100,"OSE","35° 51' 45.822"" N","106° 0' 25.967"" W",35.862728447,-106.007213063,"G",c(409063.7396, 3969191.496)
"119",119,248,"JM","RG 22427","22427","RG 22427","T",NA,NA,"DOL",3969504.7525,409295.775295,"10/7/09",NA,NA,"RG-22427","RG",NA,NA,"Check Meter Manually","Completed construction and operable",100,"OSE","35° 51' 56.066"" N","106° 0' 16.844"" W",35.8655738961,-106.004679026,"G",c(409295.7753, 3969504.7525)
"120",120,249,"JM","RG 33361","33361","RG 33361","T",NA,NA,"DOL",3969649.41038,409261.789092,"10/7/09",NA,NA,"RG-33361","RG",NA,NA,"Check Meter Manually","Completed construction and operable",100,"OSE","35° 52' 0.749"" N","106° 0' 18.259"" W",35.8668748029,-106.005071887,"G",c(409261.7891, 3969649.4104)
"121",121,250,"JM","RG 90589","90589","NPT GW Monitoring",NA,NA,NA,"DOL",3972269.85315,411268.313271,"10/7/09",NA,NA,"10.140","RG",NA,NA,"Check Meter Manually","Completed construction and operable",100,"OSE","35° 53' 26.453"" N","105° 58' 59.309"" W",35.8906814321,-105.983141253,"G",c(411268.3133, 3972269.8531)
"122",122,251,"JM","RG 07781 A","07781","NPT GW Monitoring",NA,NA,NA,"IRR",3972112.62813,403530.087882,"10/7/09",NA,NA,"5.15A","RG",NA,"A","Check Meter Manually","Completed construction and operable",100,"OSE","35° 53' 18.714"" N","106° 4' 7.854"" W",35.8885317417,-106.068848376,"G",c(403530.0879, 3972112.6281)
"123",123,252,"JM","RG 25905","25905","NPT GW Monitoring",NA,NA,NA,"DOM",3972269.70311,411270.007756,"10/7/09",NA,NA,NA,"RG",NA,NA,"Check Meter Manually","Completed construction and operable",100,"OSE","35° 53' 26.449"" N","105° 58' 59.241"" W",35.8906802333,-105.983122464,"G",c(411270.0078, 3972269.7031)
"124",124,253,"JM","RG 39175","39175","NPT GW Monitoring",NA,NA,NA,"DOM",3973056.37185,408299.167738,"10/7/09",NA,NA,"39175","RG",NA,NA,"Check Meter Manually","Completed construction and operable",100,"OSE","35° 53' 50.992"" N","106° 0' 58.051"" W",35.8974978682,-106.01612523,"G",c(408299.1677, 3973056.3719)
"125",125,254,"JM","RG 39888","39888","NPT GW Monitoring",NA,NA,NA,"DOM",3972886.93301,407661.257473,"10/7/09",NA,NA,"39888","RG",NA,NA,"Check Meter Manually","Completed construction and operable",100,"OSE","35° 53' 45.278"" N","106° 1' 23.423"" W",35.8959104234,-106.023173166,"G",c(407661.2575, 3972886.933)
"126",126,255,"JM","RG 42564","42564","RG 42564 (radio?)","T",NA,NA,"DOM",3970505.14941,408455.038345,"10/7/09",NA,NA,"RG 42564 - Burgoyne  Radio Monitoring","RG","42564",NA,"RadioTower","Completed construction and operable",80,"OSE","35° 52' 28.250"" N","106° 0' 50.778"" W",35.874513966,-106.014105003,"G",c(408455.0383, 3970505.1494)
"127",127,256,"JM","RG 42625","42625","RG 42625","T",NA,NA,"DOM",3958500.92369,415494.1593,"10/7/09",NA,NA,"RG 42625","RG",NA,NA,"Check Meter Manually","Completed construction and operable",100,"OSE","35° 46' 0.943"" N","105° 56' 5.524"" W",35.7669287144,-105.93486783,"G",c(415494.1593, 3958500.9237)
"128",128,257,"JM","RG 46351","46351","RG 46351","T",NA,NA,"MUL",3967756.63913,410066.723268,"10/7/09",NA,NA,"RG 46351","RG",NA,NA,"Check Meter Manually","Completed construction and operable",100,"OSE","35° 50' 59.590"" N","105° 59' 45.397"" W",35.8498861215,-105.995943687,"G",c(410066.7233, 3967756.6391)
"129",129,258,"JM","RG 47969","47969","NPT GW Monitoring",NA,NA,NA,"DOM",3972351.64267,402006.244972,"10/7/09",NA,NA,"47969","RG",NA,NA,"Check Meter Manually","Completed construction and operable",100,"OSE","35° 53' 25.926"" N","106° 5' 8.731"" W",35.8905349107,-106.085758668,"G",c(402006.245, 3972351.6427)
"130",130,259,"JM","RG 53887","53887","NPT GW Monitoring",NA,NA,NA,"DOM",3972648.49477,412064.328157,"10/7/09",NA,NA,"53887","RG",NA,NA,"Check Meter Manually","Completed construction and operable",100,"OSE","35° 53' 39.000"" N","105° 58' 27.712"" W",35.8941666783,-105.974364437,"G",c(412064.3282, 3972648.4948)
"131",131,260,"JM","RG 57351","57351","NPT GW Monitoring",NA,NA,NA,"SAN",3973384.0324,407657.985586,"10/7/09",NA,NA,"57351","RG",NA,NA,"Check Meter Manually","Completed construction and operable",100,"OSE","35° 54' 1.409"" N","106° 1' 23.762"" W",35.9003912944,-106.023267094,"G",c(407657.9856, 3973384.0324)
"132",132,261,"JM","RG 85229","85229","RG 85229 (radio?)","T",NA,NA,"DOM",3957504.23817,416794.200972,"10/7/09",NA,NA,"RG 85229","RG",NA,NA,"Check Meter Manually","Completed construction and operable",80,"OSE","35° 45' 28.996"" N","105° 55' 13.382"" W",35.7580543825,-105.920383947,"G",c(416794.201, 3957504.2382)
"133",133,262,"JM","RG 86318","86318","RG 86318","T",NA,NA,"MUL",3967064.46532,410728.596972,"10/7/09",NA,NA,"RG 86318","RG",NA,NA,"Check Meter Manually","Completed construction and operable",100,"OSE","35° 50' 37.345"" N","105° 59' 18.735"" W",35.8437068182,-105.988537468,"G",c(410728.597, 3967064.4653)
"134",134,263,"JM","RG 72250","72250","NPT GW Monitoring - Radio (soon)","T",NA,NA,"DOM",3967106.06465,411555.174082,"10/7/09",NA,NA,"RG 72250","RG",NA,NA,"RadioTower","Completed construction and operable",80,"OSE","35° 50' 38.964"" N","105° 58' 45.805"" W",35.844156772,-105.979390269,"G",c(411555.1741, 3967106.0646)
"135",135,264,"JM","USGS Monitor Well","00000","USGS Monitor Well","T",NA,NA,"Mon",3968375.76473,410222.83481,"10/7/09",NA,NA,"USGS Monitor Well","RG",NA,"OSE","Check Meter Manually","Completed construction and operable",100,"USGS","35° 51' 19.734"" N","105° 59' 39.425"" W",35.8554817337,-105.994284788,"G",c(410222.8348, 3968375.7647)
"136",136,265,"JM","RG 01111 CLW","01111","RG 01111 CLW","T",NA,NA,"DOM",3969661.16058,409410.856163,"10/7/09",NA,NA,"RG 01111 CLW","RG",NA,"CLW","Check Meter Manually","Completed construction and operable",100,"OSE","35° 52' 1.180"" N","106° 0' 12.320"" W",35.8669945295,-106.003422292,"G",c(409410.8562, 3969661.1606)
"137",137,266,"JM","RG 30631","30631","NPT GW Monitoring",NA,NA,NA,"DOM",3972609.50071,412664.045719,"10/7/09",NA,NA,NA,"RG",NA,NA,"Check Meter Manually","Completed construction and operable",100,"OSE","35° 53' 37.928"" N","105° 58' 3.777"" W",35.8938688787,-105.967715888,"G",c(412664.0457, 3972609.5007)
"138",138,267,"JM","RG 00854 OLD","00854","NPT GW Monitoring - Radio (soon)",NA,NA,NA,NA,3972789.82427,410572.496903,"10/7/09",NA,NA,"duplicate","RG",NA,"OLD","RadioTower","Completed construction and operable",80,"OSE","35° 53' 43.100"" N","105° 59' 27.270"" W",35.8953054914,-105.990908235,"G",c(410572.4969, 3972789.8243)
"139",139,268,"JM","RG-00000-10.9A","00000","NPT GW Monitoring",NA,NA,NA,"DOM",3973130.79801,411713.226339,"10/7/09",NA,NA,NA,"RG",NA,"10.9A","Check Meter Manually","Completed construction and operable",100,"OSE","35° 53' 54.538"" N","105° 58' 41.908"" W",35.8984829137,-105.978307785,"G",c(411713.2263, 3973130.798)
"140",140,269,"JM","RG 58127","58127","RG 58127","T",NA,NA,"DOM",3958393.06821,415951.451527,"10/7/09",NA,NA,"RG 58127","RG",NA,NA,"Check Meter Manually","Completed construction and operable",100,"OSE","35° 45' 57.584"" N","105° 55' 47.274"" W",35.7659955991,-105.929798198,"G",c(415951.4515, 3958393.0682)
"141",141,270,"JM","RG 15423","15423","RG 15423","T",NA,NA,"IRR",3956594.57126,416426.645876,"10/7/09",NA,NA,"RG 15423","RG",NA,NA,"Check Meter Manually","Completed construction and operable",100,"OSE","35° 44' 59.361"" N","105° 55' 27.676"" W",35.7498224343,-105.924354347,"G",c(416426.6459, 3956594.5713)
"142",142,271,"JM","RG 00000 UNK","00000","RG 00000 UNK","T",NA,NA,"DOM",3957473.02169,415696.351729,"10/7/09",NA,NA,"RG 00000 UNK","RG",NA,"UNK","Check Meter Manually","Completed construction and operable",100,"OSE","35° 45' 27.646"" N","105° 55' 57.083"" W",35.7576794354,-105.932523129,"G",c(415696.3517, 3957473.0217)
"143",143,272,"JM","RG 18389","18389","NPT GW Monitoring",NA,NA,NA,"DOM",3972014.46887,403417.477844,"10/7/09",NA,NA,"5.19-5.19A","RG",NA,NA,"Check Meter Manually","Completed construction and operable",100,"OSE","35° 53' 15.489"" N","106° 4' 12.302"" W",35.8876357727,-106.070083949,"G",c(403417.4778, 3972014.4689)
"144",144,280,"JP","RG 42766","42766","RG 42766","T",NA,NA,"monitoring well for Eugene Thaw",3956492.62442,416223.327615,NA,NA,NA,"RG 42766","RG",NA,NA,"Manual","Complete",100,"OSE","35° 44' 55.990"" N","105° 55' 35.732"" W",35.7488860701,-105.92659221,"G",c(416223.3276, 3956492.6244)
"145",145,275,"CN",NA,NA,NA,NA,NA,NA,"Upper Chama-  Porvenir from Kent's map",4066672.35594,366969.281993,"10/26/09",NA,NA,"Porvenir Ditch Gage",NA,NA,NA,"RadioTower","Complete",0,"OSE","36° 44' 11.254"" N","106° 29' 23.836"" W",36.7364595688,-106.489954455,"S",c(366969.282, 4066672.3559)
"146",146,276,"CN",NA,NA,NA,NA,NA,NA,"Upper Chama- Parkview from Kent's map",4066692.64211,366970.296331,"10/26/09",NA,NA,"Parkview Ditch Gage",NA,NA,NA,"RadioTower","Complete",0,"OSE","36° 44' 11.913"" N","106° 29' 23.808"" W",36.7366425254,-106.489946631,"S",c(366970.2963, 4066692.6421)
"147",147,277,"CN",NA,NA,NA,NA,NA,NA,"Upper Chama- Ensenada from Kent's map",4066707.85688,366945.95281,"10/26/09",NA,NA,"Ensenada Ditch Gage",NA,NA,NA,"RadioTower","Complete",0,"OSE","36° 44' 12.394"" N","106° 29' 24.799"" W",36.7367762241,-106.490221848,"S",c(366945.9528, 4066707.8569)
"148",148,279,"CN",NA,NA,"Mariano Ditch","Other","<Null>",NA,"existing, not automated",4008889.97015,385876.338788,NA,NA,NA,"Mariano Ditch","RG",NA,NA,"Manual","Complete",100,NA,"36° 13' 5.269"" N","106° 16' 10.990"" W",36.218130315,-106.2697194,"S",c(385876.3388, 4008889.9701)
"149",149,282,NA,NA,NA,"USGS Gallinas","Ga",NA,NA,"USGS Near Montezuma",3945397.47548,471138.794188,NA,NA,NA,"USGS Gallinas Near Montezuma Gage",NA,NA,NA,NA,NA,0,"USGS","35° 39' 7.180"" N","105° 19' 7.790"" W",35.6519944442,-105.318830555,"S",c(471138.7942, 3945397.4755)
"150",150,284,NA,NA,NA,"USGS 09432000 Gauge Below Blue Creek on Gila",NA,NA,NA,"USGS 09432000 Gauge Below Blue Creek on Gila",3618807.93785,139256.832786,NA,NA,"http://waterdata.usgs.gov/nwis/uv?09432000","USGS 09432000 Gauge Below Blue Creek on Gila",NA,NA,NA,NA,NA,100,"USGS","32° 38' 53.000"" N","108° 50' 43.000"" W",32.6480555557,-108.845277779,"S",c(139256.8328, 3618807.9379)
"151",151,285,"CN",NA,NA,"Bear Cayon Reservoir","M","Mimbres River",NA,NA,3642276.81892,220144.152979,"8/20/10",NA,NA,"Bear Cayon Reservoir","SP",NA,NA,"RadioTower","Complete",100,"OSE","32° 52' 58.538"" N","107° 59' 28.681"" W",32.8829272224,-107.991300279,"S",c(220144.153, 3642276.8189)
"152",152,287,"CN","VV 35","VV-35",NA,NA,NA,NA,NA,3624487.46715,121288.10354,"8/20/10",NA,NA,NA,NA,NA,NA,"Manual",NA,0,"OSE","32° 41' 35.350"" N","109° 2' 19.370"" W",32.6931527779,-109.038713889,"G",c(121288.1035, 3624487.4671)
"153",153,289,"CN","VV 36","VV-36",NA,NA,NA,NA,NA,3624272.4487,120677.683361,"8/20/10",NA,NA,NA,NA,NA,NA,"Manual",NA,0,"OSE","32° 41' 27.630"" N","109° 2' 42.440"" W",32.691008334,-109.045122223,"G",c(120677.6834, 3624272.4487)
"154",154,292,"CN",NA,NA,"New Model Canal",NA,NA,NA,NA,3623263.4917,120542.837319,"8/20/10",NA,NA,"New Model Canal","VV",NA,NA,"Satellite","Complete",100,"OSE","32° 40' 54.779"" N","109° 2' 46.129"" W",32.6818831131,-109.046146993,"S",c(120542.8373, 3623263.4917)
"155",155,293,"CN",NA,NA,"<Null>",NA,"Ft Sumner",NA,"Vaughan #1",3804015.63211,570962.251902,"8/20/10",NA,NA,"FS-14","FS",NA,NA,"RadioTower","Complete",100,"OSE","34° 22' 30.300"" N","104° 13' 41.434"" W",34.3750834714,-104.228175996,"G",c(570962.2519, 3804015.6321)
"156",156,294,"CN",NA,NA,"<Null>",NA,"Ft Sumner",NA,"Vaughan #2",3803972.586,571230.832862,"8/20/10",NA,NA,"FS-14-S","FS",NA,NA,"RadioTower","Complete",100,"OSE","34° 22' 28.837"" N","104° 13' 30.931"" W",34.3746768447,-104.225258573,"G",c(571230.8329, 3803972.586)
"157",157,343,NA,"31","02640","Concepcion","Ga",NA,NA,"from HSB",3922588.73833,486994.046916,NA,NA,NA,"Concepcion",NA,NA,NA,"RadioTower","Complete",100,"OSE","35° 26' 48.025"" N","105° 8' 35.921"" W",35.4466736647,-105.143311498,"S",c(486994.0469, 3922588.7383)
"158",158,291,"CN",NA,NA,"Sunset Canal",NA,NA,NA,"from Praveena",3624805.75125,120646.423633,"8/20/10",NA,NA,"Sunset Canal","VV",NA,NA,"Satellite","Complete",100,"OSE","32° 41' 44.867"" N","109° 2' 44.418"" W",32.6957963886,-109.045671666,"S",c(120646.4236, 3624805.7513)
"159",159,295,"CN",NA,NA,"<Null>",NA,"Ft Sumner",NA,"Vaughan #5",3803950.59799,570577.941991,"8/20/10",NA,NA,"FS-14-S2","FS",NA,NA,"Radio","Construction complete, 100% operable",100,"OSE","34° 22' 28.284"" N","104° 13' 56.500"" W",34.3745233109,-104.232360978,"G",c(570577.942, 3803950.598)
"160",160,296,"CN",NA,NA,"<Null>",NA,"Ft Sumner",NA,"Vaughan #6",3803556.72189,570698.111905,"8/20/10",NA,NA,"FS-14-S4","FS",NA,NA,"Radio","Construction complete, 100% operable",100,"OSE","34° 22' 15.468"" N","104° 13' 51.911"" W",34.3709633061,-104.231086515,"G",c(570698.1119, 3803556.7219)
"161",161,297,"CN",NA,NA,"<Null>",NA,"Ft Sumner",NA,"Vaughan #3",3803763.45707,571493.491066,"8/20/10",NA,NA,"FS-14-S5","FS",NA,NA,"Radio","Construction complete, 100% operable",100,"OSE","34° 22' 21.982"" N","104° 13' 20.710"" W",34.3727728999,-104.222419433,"G",c(571493.4911, 3803763.4571)
"162",162,298,"CN",NA,NA,"<Null>",NA,"Ft Sumner",NA,"Vaughan #4",3804160.85188,570563.843048,"8/20/10",NA,NA,"FS-14-S6","FS",NA,NA,"Radio","Construction complete, 100% operable",100,"OSE","34° 22' 35.113"" N","104° 13' 56.989"" W",34.3764202487,-104.232497018,"G",c(570563.843, 3804160.8519)
"163",163,299,"CN",NA,NA,"<Null>",NA,"Ft Sumner",NA,"Sutter #1",3803317.745,570686.617057,"8/20/10",NA,NA,"FS-32","FS",NA,NA,"Radio","Construction complete, 100% operable",100,"OSE","34° 22' 7.713"" N","104° 13' 52.432"" W",34.3688091027,-104.23123121,"G",c(570686.6171, 3803317.745)
"164",164,300,"CN",NA,NA,"<Null>",NA,"Ft Sumner",NA,"Sutter #3",3803122.70589,570937.82601,"8/20/10",NA,NA,"FS-32-X","FS",NA,NA,"Radio","Construction complete, 100% operable",100,"OSE","34° 22' 1.319"" N","104° 13' 42.656"" W",34.3670331363,-104.228515469,"G",c(570937.826, 3803122.7059)
"165",165,301,"CN",NA,NA,"<Null>",NA,"Ft Sumner",NA,"Sutter #4",3803309.72591,570915.059008,"8/20/10",NA,NA,"FS-32-X2","FS",NA,NA,"Radio","Construction complete, 100% operable",100,"OSE","34° 22' 7.396"" N","104° 13' 43.491"" W",34.3687211606,-104.228747597,"G",c(570915.059, 3803309.7259)
"166",166,302,"CN",NA,NA,"<Null>",NA,"Ft Sumner",NA,"Crocket #1",3803475.31186,571760.131899,"8/20/10",NA,NA,"FS-44-X","FS",NA,NA,"Radio","Construction complete, 100% operable",100,"OSE","34° 22' 12.562"" N","104° 13' 10.357"" W",34.3701560823,-104.219543719,"G",c(571760.1319, 3803475.3119)
"167",167,304,"CN",NA,NA,"<Null>",NA,"Ft Sumner",NA,"Crocket #2 NEW",3804109.19007,572527.479973,"8/20/10",NA,NA,"FS-44-X2","FS",NA,NA,"Radio","Construction complete, 100% operable",100,"OSE","34° 22' 32.947"" N","104° 12' 40.123"" W",34.3758185894,-104.211145222,"G",c(572527.48, 3804109.1901)
"168",168,340,"cn",NA,NA,NA,"N","USGS",NA,"Nambe Falls Reservoir",3967196.99998,418173.999961,NA,NA,NA,"Nambe Falls Reservoir",NA,NA,NA,"Satellite","Complete",100,"USGS","35° 50' 43.986"" N","105° 54' 22.013"" W",35.8455515322,-105.906114845,"S",c(418174, 3967197)
"169",169,313,NA,NA,NA,"SLCD East Meter","M",NA,NA,"Proposed",3636987.31548,223846.665384,NA,NA,NA,"SLCD East Meter","SP",NA,NA,"Manual","Future_planning",0,"OSE","32° 50' 10.379"" N","107° 57' 0.690"" W",32.83621634,-107.95019173,"S",c(223846.6654, 3636987.3155)
"170",170,314,NA,NA,NA,"SLCD West Meter","M",NA,NA,"Proposed",3636884.83588,223851.347283,NA,NA,NA,"SLCD West Meter","SP",NA,NA,"Manual","Future_planning",0,"OSE","32° 50' 7.060"" N","107° 57' 0.400"" W",32.8352943188,-107.950111212,"S",c(223851.3473, 3636884.8359)
"171",171,315,NA,NA,NA,"Ancheta Galaz","M",NA,NA,"Proposed",3632860.0891,226750.509974,NA,NA,NA,"Ancheta Galaz","SP",NA,NA,"Manual",NA,0,"OSE","32° 47' 59.142"" N","107° 55' 4.756"" W",32.7997617739,-107.91798775,"S",c(226750.51, 3632860.0891)
"172",172,341,"CN","29","02771","San Augustin","Gallinas",NA,NA,"from HSB",3924725.97147,485786.465025,NA,NA,NA,"San Augustin",NA,NA,NA,"RadioTower","Complete",100,"OSE","35° 27' 57.341"" N","105° 9' 23.958"" W",35.4659279841,-105.156655049,"S",c(485786.465, 3924725.9715)
"173",173,342,"CN","38","02153","West Chaperito","Gallinas",NA,NA,NA,3916199.1128,502772.94336,NA,NA,"<Null>","West Chaperito",NA,NA,NA,"RadioTower","Complete",100,"OSE","35° 23' 20.907"" N","104° 58' 10.081"" W",35.3891407728,-104.969466875,"S",c(502772.9434, 3916199.1128)
"174",174,344,"CN",NA,NA,"USGS Gallinas Colonias Gage","Ga",NA,NA,"cn added 2/28/2011",3893226.99989,509081.000001,NA,NA,NA,"USGS Gallinas at Colonias",NA,NA,NA,"Satellite","Complete",100,"USGS","35° 10' 55.069"" N","104° 54' 0.946"" W",35.1819636607,-104.900262716,"S",c(509081, 3893226.9999)
"175",175,345,"CN",NA,NA,"Gallinas River Weir at Storrie","Ga",NA,NA,NA,3944584.73284,477146.908942,"2/28/2011",NA,NA,"Gallinas River Weir at Storrie",NA,NA,NA,"RadioTower","Complete",100,"OSE","35° 38' 41.366"" N","105° 15' 8.771"" W",35.6448238575,-105.25243634,"S",c(477146.9089, 3944584.7328)
"176",176,316,NA,NA,NA,"Llano Ditch","M",NA,NA,"Proposed",3629255.10963,227472.727073,NA,NA,NA,"Llano Ditch","SP",NA,NA,"Manual",NA,0,"OSE","32° 46' 2.870"" N","107° 54' 33.213"" W",32.7674638567,-107.909225766,"S",c(227472.7271, 3629255.1096)
"177",177,317,NA,NA,NA,"Heredia Ditch","M",NA,NA,"Proposed",3631897.86489,226935.737837,NA,NA,NA,"Heredia Ditch","SP",NA,NA,"Manual",NA,0,"OSE","32° 47' 28.101"" N","107° 54' 56.624"" W",32.7911392001,-107.915728788,"S",c(226935.7378, 3631897.8649)
"178",178,318,NA,NA,NA,"Tajo","M",NA,NA,"Proposed",3628569.76672,228067.514152,NA,NA,NA,"Tajo","SP",NA,NA,"Manual",NA,0,"OSE","32° 45' 41.172"" N","107° 54' 9.659"" W",32.7614367558,-107.902682933,"S",c(228067.5142, 3628569.7667)
"179",179,319,NA,NA,NA,"Perrault","M",NA,NA,"Proposed",3627849.4362,229145.951828,NA,NA,NA,"Perrault","SP",NA,NA,"Manual",NA,0,"OSE","32° 45' 18.768"" N","107° 53' 27.507"" W",32.7552132107,-107.890974203,"S",c(229145.9518, 3627849.4362)
"180",180,320,NA,NA,NA,"Duran","M",NA,NA,"Proposed",3626144.31099,230239.825208,NA,NA,NA,"Duran","SP",NA,NA,"Manual",NA,0,"OSE","32° 44' 24.432"" N","107° 52' 43.741"" W",32.7401199226,-107.878816912,"S",c(230239.8252, 3626144.311)
"181",181,321,NA,NA,NA,"Goforth","M",NA,NA,"Proposed",3625811.93001,230556.770493,NA,NA,NA,"Goforth","SP",NA,NA,"Manual",NA,0,"OSE","32° 44' 13.931"" N","107° 52' 31.231"" W",32.7372029972,-107.875341983,"S",c(230556.7705, 3625811.93)
"182",182,322,NA,NA,NA,"Swartz","M",NA,NA,"Installed",3622703.18946,233055.288256,NA,NA,NA,"Swartz","SP",NA,NA,"Satellite","Complete",0,"OSE","32° 42' 35.291"" N","107° 50' 52.140"" W",32.7098030952,-107.847816671,"S",c(233055.2883, 3622703.1895)
"183",183,323,NA,NA,NA,"Parra","M",NA,NA,"Installed",3621609.31637,233416.482559,NA,NA,NA,"Parra","SP",NA,NA,"Satellite","Complete",0,"OSE","32° 42' 0.126"" N","107° 50' 37.157"" W",32.7000350927,-107.84365462,"S",c(233416.4826, 3621609.3164)
"184",184,324,NA,NA,NA,"Kimmick","M",NA,NA,"Installed",3619745.71852,233942.323787,NA,NA,NA,"Kimmick","SP",NA,NA,"Satellite","Complete",0,"OSE","32° 41' 0.138"" N","107° 50' 15.071"" W",32.6833716011,-107.837519783,"S",c(233942.3238, 3619745.7185)
"185",185,325,NA,NA,NA,"Dominguez","M",NA,NA,"Proposed",3618946.15169,234148.132295,NA,NA,NA,"Dominguez","SP",NA,NA,"Manual","Complete",0,"OSE","32° 40' 34.382"" N","107° 50' 6.358"" W",32.6762173056,-107.835099367,"S",c(234148.1323, 3618946.1517)
"186",186,326,NA,NA,NA,"Nan","M",NA,NA,"Installed",3617277.04312,233287.851984,NA,NA,NA,"Nan","SP",NA,NA,"Satellite","Complete",0,"OSE","32° 39' 39.498"" N","107° 50' 37.633"" W",32.660971555,-107.843787072,"S",c(233287.852, 3617277.0431)
"187",187,327,NA,NA,NA,"Greenwald","M",NA,NA,"Proposed",3616657.55891,232911.221977,NA,NA,NA,"Greenwald","SP",NA,NA,"Manual","Future_planning",0,"OSE","32° 39' 19.077"" N","107° 50' 51.437"" W",32.6552991601,-107.847621461,"S",c(232911.222, 3616657.5589)
"188",188,328,NA,NA,NA,"Eby and Baca","M",NA,NA,"Proposed",3614364.84995,232385.380749,NA,NA,NA,"Eby and Baca","SP",NA,NA,"Manual",NA,0,"OSE","32° 38' 4.255"" N","107° 51' 9.236"" W",32.6345153199,-107.852565504,"S",c(232385.3807, 3614364.85)
"189",189,329,NA,NA,NA,"Macedonio","M",NA,NA,"Proposed",3614501.7129,231874.975226,NA,NA,NA,"Macedonio","SP",NA,NA,"Manual",NA,0,"OSE","32° 38' 8.249"" N","107° 51' 28.942"" W",32.6356247191,-107.858039434,"S",c(231874.9752, 3614501.7129)
"190",190,330,NA,NA,NA,"Baca","M",NA,NA,"Proposed",3613108.38774,231099.076471,NA,NA,NA,"Baca","SP",NA,NA,"Manual",NA,0,"OSE","32° 37' 22.379"" N","107° 51' 57.242"" W",32.6228829454,-107.865900629,"S",c(231099.0765, 3613108.3877)
"191",191,331,"PA",NA,NA,"Martin","M",NA,NA,"Installed",3611783.34682,229594.628949,NA,NA,NA,"Martin","SP",NA,NA,"Satellite","Complete",0,"OSE","32° 36' 38.081"" N","107° 52' 53.525"" W",32.6105781733,-107.881534596,"S",c(229594.6289, 3611783.3468)
"192",192,332,"PA",NA,NA,"Wardwell_Herron","M",NA,NA,"Installed",3611875.62774,229477.30024,NA,NA,NA,"Wardwell_Herron","SP",NA,NA,"Satellite","Complete",0,"OSE","32° 36' 40.971"" N","107° 52' 58.117"" W",32.6113808955,-107.882810187,"S",c(229477.3002, 3611875.6277)
"193",193,333,"PA",NA,NA,"Tustin-McIntosh","M",NA,NA,"Installed",3611344.35268,229270.327067,NA,NA,NA,"Tustin-McIntosh","SP",NA,NA,"Satellite","Complete",0,"OSE","32° 36' 23.558"" N","107° 53' 5.495"" W",32.6065437614,-107.884859792,"S",c(229270.3271, 3611344.3527)
"194",194,334,"PA",NA,NA,"O'Sullivan-McSherry-Pena","M",NA,NA,"Installed",3610728.70666,228277.646834,NA,NA,NA,"O'Sullivan-McSherry-Pena","SP",NA,NA,"Satellite","Complete",0,"OSE","32° 36' 2.714"" N","107° 53' 42.891"" W",32.6007538551,-107.895247458,"S",c(228277.6468, 3610728.7067)
"195",195,335,"PA",NA,NA,"Tigner 1","M",NA,NA,"Installed",3608263.48495,225962.711577,NA,NA,NA,"Tigner 1","SP",NA,NA,"Satellite","Complete",100,"OSE","32° 34' 40.704"" N","107° 55' 8.995"" W",32.5779734034,-107.919165338,"S",c(225962.7116, 3608263.485)
"196",196,336,NA,NA,NA,"Tigner ""A""","M",NA,NA,"Proposed",3604121.38563,225787.377627,NA,NA,NA,"Tigner ""A""","SP",NA,NA,"Manual",NA,0,"OSE","32° 32' 26.206"" N","107° 55' 11.356"" W",32.5406127755,-107.91982117,"S",c(225787.3776, 3604121.3856)
"197",197,337,NA,NA,NA,"King Ditch","M",NA,NA,"Installed",3600294.36002,226259.329213,NA,NA,NA,"King Ditch","SP",NA,NA,"Satellite","Complete",100,"OSE","32° 30' 22.501"" N","107° 54' 49.275"" W",32.506250282,-107.913687542,"S",c(226259.3292, 3600294.36)
"198",198,338,NA,NA,NA,"Tigner B","M",NA,NA,"Proposed",3601831.49817,225724.099182,NA,NA,NA,"Tigner B","SP",NA,NA,"Manual","Future_planning",0,"OSE","32° 31' 11.881"" N","107° 55' 11.374"" W",32.5199668457,-107.919826189,"S",c(225724.0992, 3601831.4982)
"199",199,350,"CN",NA,NA,"Cy More","T",NA,NA,"not GPSed",3955797.73001,417253.853712,NA,NA,NA,"Cy More",NA,NA,NA,"RadioTower","Complete",100,"OSE","35° 44' 33.751"" N","105° 54' 54.446"" W",35.7427087225,-105.915123919,"S",c(417253.8537, 3955797.73)
"200",200,355,NA,NA,NA,NA,"Other",NA,NA,"not GPSed,  CN - moved based on Steve's writeup, renamed per Brian/Jina",3964667.94441,416797.201624,NA,NA,NA,"Vicente Ortiz",NA,NA,NA,"RadioTower","Complete",100,"OSE","35° 49' 21.490"" N","105° 55' 15.945"" W",35.8226361081,-105.921095741,"S",c(416797.2016, 3964667.9444)
"201",201,359,"CN",NA,NA,"Tesuque Pueblo Stream Gage","T",NA,NA,"not GPSed",3959023.99843,414931.922524,NA,NA,NA,"Tesuque Pueblo Stream Gage",NA,NA,NA,"RadioTower","Complete",100,"OSE","35° 46' 17.745"" N","105° 56' 28.113"" W",35.771595767,-105.941142529,"S",c(414931.9225, 3959023.9984)
"202",202,360,"CN",NA,NA,"Tesuque Pueblo Pond","T",NA,NA,"not GPSed,  renamed (added Pond) per Brian/Jina 4/1/2011",3959344.86957,414739.286876,NA,NA,NA,"Tesuque Pueblo Pond",NA,NA,NA,"RadioTower","Complete",100,"OSE","35° 46' 28.098"" N","105° 56' 35.908"" W",35.7744717443,-105.943307641,"S",c(414739.2869, 3959344.8696)
"203",203,361,"CN",NA,NA,NA,NA,NA,NA,"not GPSed, Rio en Medio",3964476.41724,419443.129333,NA,NA,NA,"Rio en Medio",NA,NA,NA,"RadioTower","Complete",100,"OSE","35° 49' 16.069"" N","105° 53' 30.437"" W",35.8211303549,-105.891787945,"S",c(419443.1293, 3964476.4172)
"204",204,364,"SDM",NA,NA,"Del Rio","T",NA,NA,"not GPSed,  Del Rio - SDM",3969801.30218,409040.384257,"3/21/2011",NA,NA,"Del Rio",NA,NA,NA,"RadioTower","Complete",100,"OSE","35° 52' 5.605"" N","106° 0' 27.149"" W",35.8682235281,-106.007541297,"S",c(409040.3843, 3969801.3022)
"205",205,365,"SDM",NA,NA,"Los Romeros","T",NA,NA,"not GPSEd, Los Romeros - SDM",3969721.48809,408743.593348,NA,NA,NA,"Los Romeros",NA,NA,NA,"RadioTower","Complete",100,"OSE","35° 52' 2.915"" N","106° 0' 38.949"" W",35.8674764105,-106.010819193,"S",c(408743.5933, 3969721.4881)
"206",206,366,"SDM",NA,NA,"Los Ortizes","T",NA,NA,"not GPSed, Los Ortizes - SJM",3968633.73692,409325.368484,"3/11/2011",NA,NA,"Los Ortizes",NA,NA,NA,"RadioTower","Complete",100,"OSE","35° 51' 27.809"" N","106° 0' 15.308"" W",35.8577246373,-106.004252224,"S",c(409325.3685, 3968633.7369)
"207",207,367,"SDM",NA,NA,"Los Ojitos","T",NA,NA,"not GPSed, Los Ojitos -SJM -  moved according to Steve's  location info",3968762.6755,409335.286814,"3/21/2011",NA,NA,"Los Ojitos",NA,NA,NA,"RadioTower","Complete",100,"OSE","35° 51' 31.996"" N","106° 0' 14.965"" W",35.8588879068,-106.00415705,"S",c(409335.2868, 3968762.6755)
"208",208,368,"SDM",NA,NA,"Del Molino","Other",NA,NA,"not GPSed, Del Molino _ SJM",3965253.03439,418246.851366,"3/11/2011",NA,NA,"Del Molino",NA,NA,NA,"RadioTower","Complete",100,"OSE","35° 49' 40.918"" N","105° 54' 18.393"" W",35.8280326433,-105.905109109,"S",c(418246.8514, 3965253.0344)
"209",209,369,"SDM",NA,NA,"Chupadero Irr Ditch Co","Other",NA,NA,"not GPSed, Chupadero Irr Ditch Co - SDM",3962908.22264,418671.205854,"3/21/2011",NA,NA,"Chupadero Irr Ditch Co",NA,NA,NA,"RadioTower","Complete",100,"OSE","35° 48' 24.945"" N","105° 54' 0.622"" W",35.806929211,-105.900172825,"S",c(418671.2059, 3962908.2226)
"210",210,370,"SDM",NA,NA,"Frank V. Ortiz Ditch  #1","Other",NA,NA,"not GPSed, Frank V. Ortiz Ditch  on Chupadero",3960554.57486,419767.716865,"3/21/2011",NA,NA,"Frank V. Ortiz Ditch",NA,NA,NA,"RadioTower","Complete",100,"OSE","35° 47' 8.883"" N","105° 53' 16.085"" W",35.7858009464,-105.887801512,"S",c(419767.7169, 3960554.5749)
"211",211,389,"CP","SD 01379",NA,NA,NA,NA,NA,"new D2",3859300.63009,529700.999881,"1/24/14",NA,NA,"PDL-West",NA,NA,NA,NA,NA,0,NA,"34° 52' 32.314"" N","104° 40' 30.025"" W",34.8756427937,-104.675007021,"S",c(529700.9999, 3859300.6301)
"212",212,390,"CP","SD 01380",NA,NA,NA,NA,NA,NA,3861404.30007,532467.000131,"1/24/14",NA,NA,"PDL-East",NA,NA,NA,NA,NA,0,NA,"34° 53' 40.300"" N","104° 38' 40.775"" W",34.8945278445,-104.644659861,"S",c(532467.0001, 3861404.3001)
"213",213,391,"CP","SD1379 83",NA,"SD-1379-83 &SD-1379-83-A",NA,NA,NA,NA,3853424.5899,534455.759864,"1/24/14",NA,NA,"Arsenio Sanchez",NA,NA,NA,NA,NA,0,NA,"34° 49' 21.020"" N","104° 37' 23.600"" W",34.8225055809,-104.623222226,"S",c(534455.7599, 3853424.5899)
"214",214,392,"CP","HC 1",NA,NA,NA,NA,NA,NA,3686919.07001,557685.999999,"1/24/14",NA,NA,"Hagerman Main Canal",NA,NA,NA,NA,NA,0,NA,"33° 19' 11.500"" N","104° 22' 48.866"" W",33.3198610875,-104.380240437,"S",c(557686, 3686919.07)
"215",215,393,"CP","HC 1",NA,NA,NA,NA,NA,NA,3678486.7601,563515.999905,"1/24/14",NA,NA,"Nine Mile Dump",NA,NA,NA,NA,NA,0,NA,"33° 14' 36.525"" N","104° 19' 5.520"" W",33.2434790745,-104.318200072,"S",c(563515.9999, 3678486.7601)
"216",216,394,"CP","HC 1",NA,NA,NA,NA,NA,NA,3665582.98995,558002.000078,"1/24/14",NA,NA,"Felix Dump",NA,NA,NA,NA,NA,0,NA,"33° 7' 38.650"" N","104° 22' 41.551"" W",33.1274029036,-104.378208597,"S",c(558002.0001, 3665582.99)
"217",217,395,"CP","SD 01701",NA,NA,NA,NA,NA,NA,3666332.06994,570421.999898,"1/24/14",NA,NA,"Gilbert Gomez",NA,NA,NA,NA,NA,0,NA,"33 08 01.69 "" N",": 104 18 02.50"" W",33.1334236167,-104.245015382,"S",c(565228.0001, 3666338.0001)
"218",218,396,"CP","SD 0965",NA,NA,NA,NA,NA,NA,3654364.91991,566261.99993,"1/24/14",NA,NA,"Cecil Pollard",NA,NA,NA,NA,NA,0,NA,"33° 1' 32.691"" N","104° 17' 25.722"" W",33.0257473666,-104.290478258,"S",c(566261.9999, 3654364.9199)
"219",219,397,"CP","SD 0223 & SD 0955",NA,"SD-0223-B(d) & SD-0955",NA,NA,NA,NA,3664222.00005,567315.999947,"1/27/14",NA,NA,"Wanda Haley Rhodes",NA,NA,NA,NA,NA,0,"other","33 06 52.52   N","104 16 42.50"" W",33.1142548701,-104.223110488,"S",c(567315.9999, 3664222)
"220",220,398,"CP","SP 6 & C 700",NA,"SP-6 & C-700",NA,NA,NA,NA,3584845.89002,583584.999859,"1/24/14",NA,NA,"Sibley/Edeal Pump",NA,NA,NA,NA,NA,0,NA,"32° 23' 51.051"" N","104° 6' 40.478"" W",32.3975142562,-104.111243901,"S",c(583584.9999, 3584845.89)
"221",221,399,"CP","SP 6 & C 700",NA,"SP-6 & C-700",NA,NA,NA,NA,3584296.85994,583249.000143,"1/24/14",NA,NA,"Sibley Well Spill",NA,NA,NA,NA,NA,0,NA,"32° 23' 33.313"" N","104° 6' 53.512"" W",32.3925870521,-104.114864522,"S",c(583249.0001, 3584296.8599)
"222",222,400,"CP","SP 6",NA,NA,NA,NA,NA,NA,3567059.99988,586162.999879,"1/24/14",NA,NA,"Black River Supply",NA,NA,NA,NA,NA,0,NA,"32° 14' 12.788"" N","104° 5' 7.616"" W",32.236885604,-104.085448845,"S",c(586162.9999, 3567059.9999)
"223",223,401,"CP","SP 6",NA,NA,NA,NA,NA,NA,3565873.89001,586608.999948,"1/24/14",NA,NA,"Black River Canal Bypass",NA,NA,NA,NA,NA,0,NA,"32° 13' 34.148"" N","104° 4' 50.963"" W",32.2261521693,-104.08082315,"S",c(586608.9999, 3565873.89)
"224",224,402,"CN","SP 6",NA,NA,NA,NA,NA,NA,3565898.99987,582545.999863,"1/24/14",NA,NA,"Black River Canal",NA,NA,NA,NA,NA,0,NA,"32 13 36.07 N","104 07 26.18",33.360329665,-104.066930143,"S",c(582545.9999, 3565898.9999)
"225",225,403,"CP","SP 55 & 1279",NA,"SP-55 & 1279",NA,NA,NA,NA,3561179.21013,571811.999925,"1/24/14",NA,NA,"Blue Springs Ranch",NA,NA,NA,NA,NA,0,NA,"32° 11' 5.450"" N","104° 14' 17.530"" W",32.1848472191,-104.238202859,"S",c(571811.9999, 3561179.2101)
"226",226,440,"CN",NA,NA,NA,NA,NA,NA,"CS Ranch",0,0,NA,NA,NA,"CS Honey",NA,NA,NA,NA,"Complete",0,NA,NA,NA,36.472812,-104.774154,"S",c(520232.7936, 4036415.9603)
"227",227,441,"CN",NA,NA,NA,NA,NA,NA,"WS Ranch",0,0,NA,NA,NA,"AVID Bubbler",NA,NA,NA,NA,"Complete",0,NA,NA,NA,36.464178,-104.716921,"S",c(525362.9242, 4035471.8621)
"228",228,442,"CN",NA,NA,NA,NA,NA,NA,"Blacksten Farms",0,0,NA,NA,NA,"Springer Ditch Highline",NA,NA,NA,NA,"Complete",0,NA,NA,NA,36.432276,-104.707223,"S",c(526242.5928, 4031935.7099)
"229",229,443,"CN",NA,NA,NA,NA,NA,NA,"Blacksten Farms",0,0,NA,NA,NA,"S.D.C. Town of Springer",NA,NA,NA,NA,"Complete",0,NA,NA,NA,36.432282,-104.707433,"S",c(526223.7561, 4031936.3551)
"230",230,444,"CN",NA,NA,NA,NA,NA,NA,"Blacksten Farms",0,0,NA,NA,NA,"Taylor Drop",NA,NA,NA,NA,"Complete",0,NA,NA,NA,36.423266,-104.682613,"S",c(528451.7048, 4030943.2612)
"231",231,445,"CN",NA,NA,NA,NA,NA,NA,"Springer Ditch Co.",0,0,NA,NA,NA,"Springer Ditch Below Springer Lake",NA,NA,NA,NA,"Complete",0,NA,NA,NA,36.415804,-104.646471,"S",c(531694.7166, 4030126.8616)
"232",232,446,"CN",NA,NA,NA,NA,NA,NA,"CS Ranch",0,0,NA,NA,NA,"CS Clayton Place",NA,NA,NA,NA,"Complete",0,NA,NA,NA,36.389078,-104.699166,"S",c(526979.7143, 4027146.3674)
"233",233,447,"CN",NA,NA,NA,NA,NA,NA,"CS Ranch",0,0,NA,NA,NA,"CS Clouthier",NA,NA,NA,NA,"Planned_fyr",0,NA,NA,NA,36.392991,-104.782507,"S",c(519504.3993, 4027560.2723)
"234",234,448,"CN",NA,NA,NA,NA,NA,NA,"MWUA",0,0,NA,NA,NA,"Miami Lake Long Flume",NA,NA,NA,NA,"Complete",0,NA,NA,NA,36.345973,-104.891967,"S",c(509694.0313, 4022328.4785)
"235",235,449,"CN",NA,NA,NA,NA,NA,NA,"CS Ranch",0,0,NA,NA,NA,"CS Lambert",NA,NA,NA,NA,"Planned_fyr",0,NA,NA,NA,36.452327,-104.745381,"S",c(522816.4913, 4034150.1966)
"236",236,450,"CN",NA,NA,NA,NA,NA,NA,"Vallejo Polo Ranch",0,0,NA,NA,NA,"Vallejo",NA,NA,NA,NA,"Planned_fyr",0,"OSE",NA,NA,36.362493,-104.870725,"S",c(511597.7049, 4024163.2571)
"237",237,451,"CN",NA,NA,NA,NA,NA,NA,"Philmont Scout Ranch",0,0,NA,NA,NA,"South Side Rayado",NA,NA,NA,NA,"Planned_fyr",0,NA,NA,NA,36.368083,-104.939492,"S",c(505428.016, 4024777.1557)
"238",238,452,"CN",NA,NA,NA,NA,NA,NA,"Philmont Scout Ranch",0,0,NA,NA,NA,"North Side Rayado",NA,NA,NA,NA,"Planned_fyr",0,NA,NA,NA,36.370012,-104.937504,"S",c(505606.217, 4024991.3087)
"239",239,453,"CN",NA,NA,NA,NA,NA,NA,"Chase Ranch",0,0,NA,NA,NA,"Upper Chase Ditch",NA,NA,NA,NA,"Complete",0,NA,NA,NA,36.569536,-104.93745,"S",c(505596.6564, 4047123.1318)
"240",240,454,"CN",NA,NA,NA,NA,NA,NA,"Chase Ranch",0,0,NA,NA,NA,"Middle Chase Ditch",NA,NA,NA,NA,"Complete",0,NA,NA,NA,36.54749,-104.920746,"S",c(507093.2737, 4044678.8114)
"241",241,455,"CN",NA,NA,NA,NA,NA,NA,"WS Ranch",0,0,NA,NA,NA,"WS South Side Ponil",NA,NA,NA,NA,"Planned_fyr",0,"OSE",NA,NA,36.518764,-104.899349,"S",c(509011.6452, 4041494.1905)
"242",242,456,"CN",NA,NA,NA,NA,NA,NA,"Dennis Nazelrod",0,0,NA,NA,NA,"Jackson Ditch",NA,NA,NA,NA,"Complete",0,NA,NA,NA,36.507532,-104.920042,"S",c(507159.9394, 4040246.5193)
"243",243,457,"CN",NA,NA,NA,NA,NA,NA,"WS Ranch",0,0,NA,NA,NA,"Old Mill Ditch",NA,NA,NA,NA,"Complete",0,NA,NA,NA,36.511245,-104.946854,"S",c(504758.7839, 4040656.7831)
"244",244,458,"CN",NA,NA,NA,NA,NA,NA,"WS Ranch",0,0,NA,NA,NA,"WS French Lake",NA,NA,NA,NA,"Complete",0,"OSE",NA,NA,36.511444,-104.922989,"S",c(506895.6832, 4040680.225)
"245",245,459,"CN",NA,NA,NA,NA,NA,NA,"WS Ranch",0,0,NA,NA,NA,"WS Nash Steepe",NA,NA,NA,NA,"Planned_fyr",0,"OSE",NA,NA,36.519597,-104.974748,"S",c(502260.8519, 4041582.1299)
"246",246,460,"CN",NA,NA,NA,NA,NA,NA,"Philmont Scout Ranch",0,0,NA,NA,NA,"Philmont Canal",NA,NA,NA,NA,"Complete",0,NA,NA,NA,36.530199,-105.006204,"S",c(499444.6457, 4042757.937)
"247",247,461,"CN",NA,NA,NA,NA,NA,NA,"Ute Creek Ranch",0,0,NA,NA,NA,"Ute Creek Ranch",NA,NA,NA,NA,"Planned_fyr",0,"OSE",NA,NA,36.560212,-105.118606,"S",c(489386.4163, 4046093.5715)
"248",248,462,"CN",NA,NA,NA,NA,NA,NA,"Philmont Scout Ranch",0,0,NA,NA,NA,"Philmont Webster",NA,NA,NA,NA,"Complete",0,NA,NA,NA,36.479968,-105.018371,"S",c(498354.3502, 4037186.2067)
"249",249,463,"CN",NA,NA,NA,NA,NA,NA,"Philmont Scout Ranch",0,0,NA,NA,NA,"Philmont Cito",NA,NA,NA,NA,"Complete",0,NA,NA,NA,36.46737,-104.983038,"S",c(501519.6577, 4035788.7577)
"250",250,464,"CN",NA,NA,NA,NA,NA,NA,"Philmont Scout Ranch",0,0,NA,NA,NA,"Philmont Urraca",NA,NA,NA,NA,"Planned_fyr",0,NA,NA,NA,36.441175,-104.976509,"S",c(502105.3449, 4032883.2324)
"251",251,465,"CN",NA,NA,NA,NA,NA,NA,"Express UU Bar Ranch",0,0,NA,NA,NA,"Hickman",NA,NA,NA,NA,"Planned_fyr",0,NA,NA,NA,36.494933,-104.899541,"S",c(508997.2059, 4038850.7604)
"252",252,466,"CN",NA,NA,NA,NA,NA,NA,"Express UU Bar Ranch",0,0,NA,NA,NA,"CSC-CS # 1",NA,NA,NA,NA,"Complete",0,NA,NA,NA,36.462512,-104.844186,"S",c(513960.6736, 4035261.0504)
"253",253,467,"CN",NA,NA,NA,NA,NA,NA,"Express UU Bar Ranch",0,0,NA,NA,NA,"CSC-Trujillo / CS E-Line",NA,NA,NA,NA,"Complete",0,NA,NA,NA,36.443035,-104.842962,"S",c(514073.8511, 4033100.8361)
"254",254,468,"CN",NA,NA,NA,NA,NA,NA,"Express UU Bar Ranch",0,0,NA,NA,NA,"CSC-UU Bar Urraca",NA,NA,NA,NA,"Complete",0,NA,NA,NA,36.428358,-104.857644,"S",c(512760.4706, 4031470.7178)
"255",255,469,"CN",NA,NA,NA,NA,NA,NA,"CS Ranch",0,0,NA,NA,NA,"CSC-CS Highline",NA,NA,NA,NA,"Complete",0,NA,NA,NA,36.455784,-104.817263,"S",c(516374.4047, 4034518.9949)
"256",256,470,"CN",NA,NA,NA,NA,NA,NA,"Express UU Bar Ranch",0,0,NA,NA,NA,"UU Bar Cimarron Place",NA,NA,NA,NA,"Planned_fyr",0,"OSE",NA,NA,36.479278,-104.876475,"S",c(511065.2446, 4037116.6672)
"257",257,471,"CN",NA,NA,NA,NA,NA,NA,"Harold Daniels",0,0,NA,NA,NA,"Santa Clara Spring",NA,NA,NA,NA,"Complete",0,NA,NA,NA,36.039771,-104.72924,"S",c(524390.7625, 3988393.5197)
"258",258,472,"CN",NA,NA,NA,NA,NA,NA,"Harper Cattle, LLC",0,0,NA,NA,NA,"Harper Ditch",NA,NA,NA,NA,"Complete",0,NA,NA,NA,36.013207,-104.70379,"S",c(526692.2616, 3985453.8774)
"259",259,474,"CN",NA,NA,"MORENO CREEK AT EAGLE NEST, N. MEX.",NA,NA,NA,"ISC is now handling this gauge - used to be USGS",0,0,"1/2/15",NA,NA,"Moreno Creek",NA,NA,NA,NA,"Complete",0,"OSE",NA,NA,0,0,"S",c(476015.9366, 4045357.1278)
"260",260,475,"CN",NA,NA,"Sixmile Creek near Eagle Nest, NM",NA,NA,NA,"ISC is now handling this gauge - used to be USGS",0,0,"1/2/15",NA,NA,"Sixmile Creek",NA,NA,NA,NA,"Complete",0,"OSE",NA,NA,0,0,"S",c(475345.2081, 4041496.4107)
"261",261,476,"CN",NA,NA,"Cineguilla creek near Eagle Nest NM",NA,NA,NA,"ISC is now handling this gauge - used to be USGS",0,0,"1/2/15",NA,NA,"Cieneguilla Creek",NA,NA,NA,NA,"Complete",0,"OSE",NA,NA,0,0,"S",c(476207.8824, 4037807.8102)
